Binomial.1.2,Order.1.2,Family.1.2,log10density,log10BM,source
Camelus_dromedarius,Cetartiodactyla,Camelidae,-0.00877392430750515,5.903089986991944,PanTHERIA.2008
Canis_adustus,Carnivora,Canidae,-0.13076828026902382,4.010719628351769,PanTHERIA.2008
Canis_aureus,Carnivora,Canidae,-0.6575773191777937,4.014738891140639,PanTHERIA.2008
Canis_latrans,Carnivora,Canidae,-0.6020599913279624,4.127308933608117,PanTHERIA.2008
Canis_lupus,Carnivora,Canidae,-2,4.507630573582486,PanTHERIA.2008
Bos_gaurus,Cetartiodactyla,Bovidae,-0.26760624017703144,5.9164539485499255,PanTHERIA.2008
Bos_javanicus,Cetartiodactyla,Bovidae,-0.12493873660829995,5.845098040014257,PanTHERIA.2008
Callicebus_cupreus,Primates,Pitheciidae,0.6893088591236202,2.9614210940664485,PanTHERIA.2008
Caluromys_derbianus,Didelphimorphia,Didelphidae,1.0740846890282438,2.4727564493172123,PanTHERIA.2008
Caluromys_philander,Didelphimorphia,Didelphidae,1.794627444664508,2.3604040547299387,PanTHERIA.2008
Caluromysiops_irrupta,Didelphimorphia,Didelphidae,0.9469432706978255,2.3979400086720375,PanTHERIA.2008
Camelus_ferus,Cetartiodactyla,Camelidae,-1.2218487496163564,5.838849090737256,PanTHERIA.2008
Boselaphus_tragocamelus,Cetartiodactyla,Bovidae,0.3783979009481377,5.227886704613674,PanTHERIA.2008
Canis_mesomelas,Carnivora,Canidae,-0.13076828026902382,3.929418925714293,PanTHERIA.2008
Canis_simensis,Carnivora,Canidae,0.07918124604762482,4,PanTHERIA.2008
Capra_aegagrus,Cetartiodactyla,Bovidae,0.8796692056320535,4.525044807036846,PanTHERIA.2008
Ateles_belzebuth,Primates,Atelidae,1.1300119496719043,3.6989700043360187,PanTHERIA.2008
Ateles_chamek,Primates,Atelidae,0.5301996982030822,3.7781512503836434,PanTHERIA.2008
Ateles_geoffroyi,Primates,Atelidae,1.2801228963023075,3.7230367740731385,PanTHERIA.2008
Ateles_paniscus,Primates,Atelidae,0.9030899869919435,3.897632588654153,PanTHERIA.2008
Callicebus_moloch,Primates,Pitheciidae,1.2655253352190738,2.9318137039591394,PanTHERIA.2008
Callicebus_personatus,Primates,Pitheciidae,1.1149444157125847,3.130333768495006,PanTHERIA.2008
Callicebus_torquatus,Primates,Pitheciidae,1.0086001717619175,3.0211892990699383,PanTHERIA.2008
Callimico_goeldii,Primates,Callitrichidae,0.31806333496276157,2.681241237375587,PanTHERIA.2008
Mico_argentatus,Primates,Callitrichidae,0.8762178405916422,2.6434526764861874,PanTHERIA.2008
Callithrix_flaviceps,Primates,Callitrichidae,1.0737183503461227,2.534026106056135,PanTHERIA.2008
Mico_humeralifer,Primates,Callitrichidae,1.4520932490177314,2.5440680443502757,PanTHERIA.2008
Mico_intermedius,Primates,Callitrichidae,1.3003780648707026,2.6283889300503116,PanTHERIA.2008
Callithrix_jacchus,Primates,Callitrichidae,2.7060175688990076,2.4653828514484184,PanTHERIA.2008
Callithrix_kuhlii,Primates,Callitrichidae,1.7708520116421442,2.534026106056135,PanTHERIA.2008
Cebuella_pygmaea,Primates,Callitrichidae,1.2013971243204515,1.845098040014257,PanTHERIA.2008
Callorhinus_ursinus,Carnivora,Otariidae,1.255272505103306,4.654494202125138,PanTHERIA.2008
Callosciurus_caniceps,Rodentia,Sciuridae,1.2695129442179163,2.4099331233312946,PanTHERIA.2008
Callosciurus_erythraeus,Rodentia,Sciuridae,2.794271891287979,2.4471580313422194,PanTHERIA.2008
Callosciurus_nigrovittatus,Rodentia,Sciuridae,0.7596678446896304,2.305351369446624,PanTHERIA.2008
Callosciurus_notatus,Rodentia,Sciuridae,1.9926418698783976,2.295567099962479,PanTHERIA.2008
Calomys_callosus,Rodentia,Calomyscidae,2.5493711523331775,1.6812412373755872,PanTHERIA.2008
Calomys_expulsus,Rodentia,Calomyscidae,3.0776549172368504,1.4502491083193612,PanTHERIA.2008
Calomys_musculinus,Rodentia,Calomyscidae,2.4036866231224563,1.3031960574204888,PanTHERIA.2008
Calomyscus_bailwardi,Rodentia,Calomyscidae,2.5493711523331775,1.3096301674258988,PanTHERIA.2008
Auliscomys_pictus,Rodentia,Cricetidae,2.3672627147842396,1.737987326333431,PanTHERIA.2008
Avahi_laniger,Primates,Indriidae,1.9286518466536946,3.113943352306837,PanTHERIA.2008
Avahi_occidentalis,Primates,Indriidae,1.8260099777911003,2.929418925714293,PanTHERIA.2008
Axis_axis,Cetartiodactyla,Cervidae,0.8254261177678232,4.820679511533755,PanTHERIA.2008
Axis_kuhlii,Cetartiodactyla,Cervidae,0.6473829701146199,4.740362689494244,PanTHERIA.2008
Axis_porcinus,Cetartiodactyla,Cervidae,1.2174839442139063,4.533108293005996,PanTHERIA.2008
Cephalophus_niger,Cetartiodactyla,Bovidae,0.05690485133647256,4.309630167425898,PanTHERIA.2008
Cephalophus_nigrifrons,Cetartiodactyla,Bovidae,0.3010299956639812,4.143008551367672,PanTHERIA.2008
Cephalophus_rufilatus,Cetartiodactyla,Bovidae,0.5024271199844327,4.079181246047625,PanTHERIA.2008
Cephalophus_silvicultor,Cetartiodactyla,Bovidae,-0.3010299956639812,4.86033980364789,PanTHERIA.2008
Ceratotherium_simum,Perissodactyla,Rhinocerotidae,-0.3279021420642826,6.469819999080462,PanTHERIA.2008
Cercartetus_caudatus,Diprotodontia,Burramyidae,1.6988831367525903,1.3979400086720377,PanTHERIA.2008
Cercartetus_nanus,Diprotodontia,Burramyidae,2.8968898144283988,1.380211241711606,PanTHERIA.2008
Cercocebus_atys,Primates,Cercopithecidae,0.9469432706978255,3.8832865879962153,PanTHERIA.2008
Cercocebus_galeritus,Primates,Cercopithecidae,1.8457799671118893,3.868232868422465,PanTHERIA.2008
Cercocebus_torquatus,Primates,Cercopithecidae,1.6036855496146998,3.9103789111170113,PanTHERIA.2008
Cercopithecus_ascanius,Primates,Cercopithecidae,2.0244446171313495,3.550228353055094,PanTHERIA.2008
Cercopithecus_cephus,Primates,Cercopithecidae,1.3230457354817013,3.5422027824340283,PanTHERIA.2008
Cercopithecus_diana,Primates,Cercopithecidae,1.2166935991697543,3.620656479819621,PanTHERIA.2008
Allochrocebus_lhoesti,Primates,Cercopithecidae,0.69810054562339,3.730378468587643,PanTHERIA.2008
Cercopithecus_mitis,Primates,Cercopithecidae,1.8475109652032482,3.6989700043360187,PanTHERIA.2008
Cercopithecus_neglectus,Primates,Cercopithecidae,1.4628470358316736,3.738780558484369,PanTHERIA.2008
Cercopithecus_nictitans,Primates,Cercopithecidae,1.3521825181113625,3.763675021878834,PanTHERIA.2008
Cercopithecus_petaurista,Primates,Cercopithecidae,1.4141373621844766,3.443262987458695,PanTHERIA.2008
Cercopithecus_denti,Primates,Cercopithecidae,1.2796669440484556,3.6074550232146687,PanTHERIA.2008
Cerdocyon_thous,Carnivora,Canidae,0.5490032620257879,3.7193312869837265,PanTHERIA.2008
Cervus_elaphus,Cetartiodactyla,Cervidae,0.4623979978989561,5.1180993120779945,PanTHERIA.2008
Cervus_nippon,Cetartiodactyla,Cervidae,-0.12493873660829995,4.724275869600789,PanTHERIA.2008
Chaetodipus_baileyi,Rodentia,Heteromyidae,3.550046033445052,1.421603926869831,PanTHERIA.2008
Chaetodipus_fallax,Rodentia,Heteromyidae,2.7011360660925265,1.271841606536499,PanTHERIA.2008
Chaetodipus_intermedius,Rodentia,Heteromyidae,2.6285626131087763,1.2174839442139063,PanTHERIA.2008
Chaetodipus_nelsoni,Rodentia,Heteromyidae,2.675283293765738,1.1986570869544226,PanTHERIA.2008
Chaetodipus_penicillatus,Rodentia,Heteromyidae,2.2380209986759487,1.2278867046136734,PanTHERIA.2008
Cricetulus_migratorius,Rodentia,Cricetidae,2.345256072776664,1.5854607295085006,PanTHERIA.2008
Crocidura_fuscomurina,Eulipotyphla,Soricidae,2.1320033929866318,0.5910646070264992,PanTHERIA.2008
Crocidura_hildegardeae,Eulipotyphla,Soricidae,2.5406047327471906,0.9777236052888477,PanTHERIA.2008
Crocidura_hirta,Eulipotyphla,Soricidae,1.644635503768153,1.1986570869544226,PanTHERIA.2008
Crocidura_russula,Eulipotyphla,Soricidae,3.9469432706978256,1.0606978403536116,PanTHERIA.2008
Crocidura_suaveolens,Eulipotyphla,Soricidae,3.7436398767956383,0.7160033436347992,PanTHERIA.2008
Equus_zebra,Perissodactyla,Equidae,0.12057393120584989,5.380211241711606,PanTHERIA.2008
Eremitalpa_granti,Afrosoricida,Chrysochloridae,1.570659670021534,1.416640507338281,PanTHERIA.2008
Erethizon_dorsatum,Rodentia,Erethizontidae,0.5428254269591799,3.850358243515907,PanTHERIA.2008
Erignathus_barbatus,Carnivora,Phocidae,-2,5.447158031342219,PanTHERIA.2008
Erinaceus_europaeus,Eulipotyphla,Erinaceidae,2.089905111439398,2.8870543780509568,PanTHERIA.2008
Erythrocebus_patas,Primates,Cercopithecidae,-0.585026652029182,3.9079485216122722,PanTHERIA.2008
Equus_africanus,Perissodactyla,Equidae,0.48572142648158,5.439332693830263,PanTHERIA.2008
Equus_quagga,Perissodactyla,Equidae,0.8450980400142568,5.243038048686294,PanTHERIA.2008
Equus_grevyi,Perissodactyla,Equidae,0.35602585719312274,5.544068044350276,PanTHERIA.2008
Equus_hemionus,Perissodactyla,Equidae,-0.16115090926274472,5.301029995663981,PanTHERIA.2008
Genetta_genetta,Carnivora,Viverridae,0.2741578492636798,3.255272505103306,PanTHERIA.2008
Dendrohyrax_arboreus,Hyracoidea,Procaviidae,1.3554515201265174,3.469822015978163,PanTHERIA.2008
Dendrolagus_bennettianus,Diprotodontia,Macropodidae,1.4374334437979712,4.039414119176137,PanTHERIA.2008
Bison_bison,Cetartiodactyla,Bovidae,-0.5528419686577808,5.762870016135253,PanTHERIA.2008
Bison_bonasus,Cetartiodactyla,Bovidae,-0.05551732784983137,5.698970004336019,PanTHERIA.2008
Blarina_brevicauda,Eulipotyphla,Soricidae,2.9651687630339536,1.4471580313422192,PanTHERIA.2008
Blarina_carolinensis,Eulipotyphla,Soricidae,2.7993336558356656,1.130333768495006,PanTHERIA.2008
Baiomys_taylori,Rodentia,Cricetidae,3.391815161765935,0.9030899869919435,PanTHERIA.2008
Blastocerus_dichotomus,Cetartiodactyla,Cervidae,-0.9208187539523752,4.937849754736111,PanTHERIA.2008
Brachylagus_idahoensis,Lagomorpha,Leporidae,2.9369458113395797,2.6245914591268478,PanTHERIA.2008
Brachyteles_arachnoides,Primates,Atelidae,0.7395723444500919,4.130330551486929,PanTHERIA.2008
Crocidura_olivieri,Eulipotyphla,Soricidae,1.859498558187776,1.7634279935629373,PanTHERIA.2008
Cephalophus_jentinki,Cetartiodactyla,Bovidae,-1,4.8450999012723335,PanTHERIA.2008
Cephalophus_natalensis,Cetartiodactyla,Bovidae,0.8401060944567578,4.079181246047625,PanTHERIA.2008
Dendrolagus_lumholtzi,Diprotodontia,Macropodidae,2.06513137214021,3.829303772831025,PanTHERIA.2008
Dendromus_mesomelas,Rodentia,Nesomyidae,3.243987494594441,1.0453229787866574,PanTHERIA.2008
Dendromus_mystacalis,Rodentia,Nesomyidae,3.015506451739575,0.8864907251724818,PanTHERIA.2008
Desmodillus_auricularis,Rodentia,Muridae,3.1023513671690215,1.7267272090265722,PanTHERIA.2008
Dicerorhinus_sumatrensis,Perissodactyla,Rhinocerotidae,0.021189299069938092,6.102662456185154,PanTHERIA.2008
Diceros_bicornis,Perissodactyla,Rhinocerotidae,-0.958607314841775,6.072070001400344,PanTHERIA.2008
Dicrostonyx_groenlandicus,Rodentia,Cricetidae,2.7144722654394453,1.73559889969818,PanTHERIA.2008
Didelphis_albiventris,Didelphimorphia,Didelphidae,2.6020599913279625,2.9561684304753633,PanTHERIA.2008
Didelphis_aurita,Didelphimorphia,Didelphidae,1.655330558009341,3.06595298031387,PanTHERIA.2008
Didelphis_marsupialis,Didelphimorphia,Didelphidae,1.8481891169913987,3.037904357312404,PanTHERIA.2008
Didelphis_virginiana,Didelphimorphia,Didelphidae,1.2571984261393445,3.3415334414404065,PanTHERIA.2008
Elephantulus_rufescens,Macroscelidea,Macroscelididae,2.3010299956639813,1.5740312677277188,PanTHERIA.2008
Elephas_maximus,Proboscidea,Elephantidae,-0.27572413039921095,6.4996870826184034,PanTHERIA.2008
Eliomys_quercinus,Rodentia,Gliridae,2.1700562572508,2.060697840353612,PanTHERIA.2008
Heterocephalus_glaber,Rodentia,Bathyergidae,4.045322978786658,1.7403626894942439,PanTHERIA.2008
Heterohyrax_brucei,Hyracoidea,Procaviidae,3.7598166122725254,3.4191293077419758,PanTHERIA.2008
Heteromys_anomalus,Rodentia,Heteromyidae,2.401521161385542,1.845098040014257,PanTHERIA.2008
Heteromys_desmarestianus,Rodentia,Heteromyidae,2.817201652663046,1.8603380065709938,PanTHERIA.2008
Lagostrophus_fasciatus,Diprotodontia,Macropodidae,1.9444333177002147,3.230448921378274,PanTHERIA.2008
Lagothrix_lagotricha,Primates,Atelidae,1.0301947853567512,3.8317994115955805,PanTHERIA.2008
Lama_guanicoe,Cetartiodactyla,Camelidae,-0.3467874862246563,5.079181246047625,PanTHERIA.2008
Eudorcas_thomsonii,Cetartiodactyla,Bovidae,1.09795107099415,4.31174962401575,PanTHERIA.2008
Eulemur_coronatus,Primates,Lemuridae,2.0085150076314546,3.2174839442139063,PanTHERIA.2008
Eulemur_fulvus,Primates,Lemuridae,2.3443922736851106,3.3979400086720375,PanTHERIA.2008
Eulemur_macaco,Primates,Lemuridae,1.7311857076340005,3.278753600952829,PanTHERIA.2008
Eulemur_mongoz,Primates,Lemuridae,2.5399538416563967,3.130333768495006,PanTHERIA.2008
Eulemur_rubriventer,Primates,Lemuridae,1.4771212547196624,3.3010299956639813,PanTHERIA.2008
Galagoides_zanzibaricus,Primates,Galagidae,2.2278867046136734,2.002166061756508,PanTHERIA.2008
Galemys_pyrenaicus,Eulipotyphla,Talpidae,0.6211762817750351,1.7795964912578246,PanTHERIA.2008
Herpestes_pulverulentus,Carnivora,Herpestidae,1,2.9014583213961123,PanTHERIA.2008
Herpestes_sanguineus,Carnivora,Herpestidae,0.12057393120584989,2.7403626894942437,PanTHERIA.2008
Galidia_elegans,Carnivora,Eupleridae,1.2000292665537702,2.9030899869919438,PanTHERIA.2008
Gazella_dorcas,Cetartiodactyla,Bovidae,0.36172783601759284,4.361729724250366,PanTHERIA.2008
Gazella_gazella,Cetartiodactyla,Bovidae,-0.3979400086720376,4.356979492002202,PanTHERIA.2008
Gazella_subgutturosa,Cetartiodactyla,Bovidae,-0.1938200260161128,4.45484486000851,PanTHERIA.2008
Bassaricyon_gabbii,Carnivora,Procyonidae,0.7795964912578245,3.0969100130080562,PanTHERIA.2008
Bassariscus_astutus,Carnivora,Procyonidae,0.5538830266438743,3.052886235256382,PanTHERIA.2008
Bassariscus_sumichrasti,Carnivora,Procyonidae,1.252610340567373,2.9542425094393248,PanTHERIA.2008
Bathyergus_suillus,Rodentia,Bathyergidae,1.845098040014257,2.7958800173440754,PanTHERIA.2008
Batomys_granti,Rodentia,Muridae,2.5837200679321994,2.249931756634195,PanTHERIA.2008
Beatragus_hunteri,Cetartiodactyla,Bovidae,-0.37675070960209955,4.903089986991944,PanTHERIA.2008
Bettongia_gaimardi,Diprotodontia,Potoroidae,1.2787536009528289,3.220108088040055,PanTHERIA.2008
Bettongia_lesueur,Diprotodontia,Potoroidae,1.2304489213782739,3.1760912590556813,PanTHERIA.2008
Bettongia_penicillata,Diprotodontia,Potoroidae,1.2489536154957075,3.113943352306837,PanTHERIA.2008
Bettongia_tropica,Diprotodontia,Potoroidae,1.3010299956639813,3.0791812460476247,PanTHERIA.2008
Bradypus_tridactylus,Pilosa,Bradypodidae,2.1800398109271764,3.5854607295085006,PanTHERIA.2008
Bradypus_variegatus,Pilosa,Bradypodidae,2.7062397100486146,3.636989101812229,PanTHERIA.2008
Bubalus_arnee,Cetartiodactyla,Bovidae,0.02530586526477026,5.860338006570994,PanTHERIA.2008
Hoolock_hoolock,Primates,Hylobatidae,0.8450980400142568,3.8129133566428557,PanTHERIA.2008
Chelemys_macronyx,Rodentia,Cricetidae,2.420071324796761,1.865103974641128,PanTHERIA.2008
Chinchilla_lanigera,Rodentia,Chinchillidae,2.9817914346116443,2.6201360549737576,PanTHERIA.2008
Chiropotes_albinasus,Primates,Pitheciidae,0.8175653695597808,3.462397997898956,PanTHERIA.2008
Chiropotes_satanas,Primates,Pitheciidae,1.1931245983544616,3.4771212547196626,PanTHERIA.2008
Burramys_parvus,Diprotodontia,Burramyidae,3.787105383983776,1.6180480967120927,PanTHERIA.2008
Cabassous_unicinctus,Cingulata,CingulataFam,-0.20760831050174613,3.681241237375587,PanTHERIA.2008
Cacajao_calvus,Primates,Pitheciidae,1.1789769472931695,3.763128376799137,PanTHERIA.2008
Capra_walie,Cetartiodactyla,Bovidae,0.60959440922522,5,PanTHERIA.2008
Capreolus_capreolus,Cetartiodactyla,Cervidae,0.8813846567705729,4.352182518111363,PanTHERIA.2008
Capreolus_pygargus,Cetartiodactyla,Cervidae,1.9030899869919435,4.640999895617493,PanTHERIA.2008
Capricornis_crispus,Cetartiodactyla,Bovidae,0.2966651902615311,4.570075705321604,PanTHERIA.2008
Castor_canadensis,Rodentia,Castoridae,-0.2218487496163564,4.3388547462523235,PanTHERIA.2008
Catagonus_wagneri,Cetartiodactyla,Tayassuidae,0.9656719712201067,4.551039908501546,PanTHERIA.2008
Cavia_aperea,Rodentia,Caviidae,3.256950942299387,2.739572344450092,PanTHERIA.2008
Cebus_albifrons,Primates,Cebidae,1.2250506961380487,3.419790586106363,PanTHERIA.2008
Sapajus_apella,Primates,Cebidae,1.3760291817281802,3.3979400086720375,PanTHERIA.2008
Cebus_capucinus,Primates,Cebidae,1.4356851379416298,3.436639631692661,PanTHERIA.2008
Cebus_brunneus,Primates,Cebidae,1.3942765267678214,3.3797948432769815,PanTHERIA.2008
Cephalophus_adersi,Cetartiodactyla,Bovidae,0.5622928644564748,3.9661417327390325,PanTHERIA.2008
Cheirogaleus_major,Primates,Cheirogaleidae,1.8324450411741109,2.6532125137753435,PanTHERIA.2008
Cheirogaleus_medius,Primates,Cheirogaleidae,2.345256072776664,2.2576785748691846,PanTHERIA.2008
Choloepus_didactylus,Pilosa,Megalonychidae,1.7275412570285564,3.7126497016272113,PanTHERIA.2008
Choloepus_hoffmanni,Pilosa,Megalonychidae,2.0734250567459815,3.6766936096248664,PanTHERIA.2008
Chrysochloris_asiatica,Afrosoricida,Chrysochloridae,3,1.6901960800285136,PanTHERIA.2008
Chrysochloris_stuhlmanni,Afrosoricida,Chrysochloridae,3,1.5998830720736879,PanTHERIA.2008
Chrysospalax_trevelyani,Afrosoricida,Chrysochloridae,3,2.629919035503542,PanTHERIA.2008
Coendou_bicolor,Rodentia,Erethizontidae,0.7466341989375788,3.6074550232146687,PanTHERIA.2008
Coendou_prehensilis,Rodentia,Erethizontidae,1.5525465479556604,3.6434526764861874,PanTHERIA.2008
Colobus_guereza,Primates,Cercopithecidae,1.9965116721541787,4.217431299267857,PanTHERIA.2008
Colobus_polykomos,Primates,Cercopithecidae,1.3710678622717363,3.9585447719331834,PanTHERIA.2008
Colobus_satanas,Primates,Cercopithecidae,1.4243915544102774,4.078956802579085,PanTHERIA.2008
Condylura_cristata,Eulipotyphla,Talpidae,3.6989691357461862,1.9242792860618816,PanTHERIA.2008
Conepatus_semistriatus,Carnivora,Mephitidae,0.9786369483844743,3.0791812460476247,PanTHERIA.2008
Connochaetes_gnou,Cetartiodactyla,Bovidae,1.539327063539375,5.255270092349482,PanTHERIA.2008
Dasyprocta_leporina,Rodentia,Dasyproctidae,1.6962689967455329,3.4800069429571505,PanTHERIA.2008
Dasyprocta_punctata,Rodentia,Dasyproctidae,1.2415464805965484,3.427323786357247,PanTHERIA.2008
Dasypus_novemcinctus,Cingulata,CingulataFam,1.308991029000164,3.6236420458522685,PanTHERIA.2008
Dasypus_sabanicola,Cingulata,CingulataFam,2.4471580313422194,3.060697840353612,PanTHERIA.2008
Euoticus_elegantulus,Primates,Galagidae,1.2166935991697543,2.4771212547196626,PanTHERIA.2008
Euphractus_sexcinctus,Cingulata,CingulataFam,0.24797326636180664,3.679691300817146,PanTHERIA.2008
Connochaetes_taurinus,Cetartiodactyla,Bovidae,0.9025467793139914,5.255270092349482,PanTHERIA.2008
Cratogeomys_castanops,Rodentia,Geomyidae,3.000768021734068,2.401055725771844,PanTHERIA.2008
Crocuta_crocuta,Carnivora,Hyaenidae,-0.9208187539523752,4.7993398600967145,PanTHERIA.2008
Cryptomys_hottentotus,Rodentia,Bathyergidae,2.9117327345572286,2.0086001717619175,PanTHERIA.2008
Cryptoprocta_ferox,Carnivora,Eupleridae,-0.05551732784983137,3.9777236052888476,PanTHERIA.2008
Cryptotis_goldmani,Eulipotyphla,Soricidae,2.06126394230025,0.9030899869919435,PanTHERIA.2008
Cryptotis_meridensis,Eulipotyphla,Soricidae,2.019573202095639,1.0644579892269184,PanTHERIA.2008
Cryptotis_parva,Eulipotyphla,Soricidae,2.693718157448391,0.6989700043360189,PanTHERIA.2008
Ctenomys_opimus,Rodentia,Ctenomyidae,2.368974515652388,2.568788212315347,PanTHERIA.2008
Ctenomys_peruanus,Rodentia,Ctenomyidae,3.5705709579769302,2.690196080028514,PanTHERIA.2008
Ctenomys_talarum,Rodentia,Ctenomyidae,3.7149564353285576,2.121559844187501,PanTHERIA.2008
Cuniculus_paca,Rodentia,Cuniculidae,1.68761812957177,3.9030899869919438,PanTHERIA.2008
Cuon_alpinus,Carnivora,Canidae,-0.2596373105057561,4.1058506743851435,PanTHERIA.2008
Cyclopes_didactylus,Pilosa,Cyclopedidae,1.510545010206612,2.517855418930029,PanTHERIA.2008
Cynomys_gunnisoni,Rodentia,Sciuridae,2.825491029879431,2.9661417327390325,PanTHERIA.2008
Cynomys_leucurus,Rodentia,Sciuridae,2.7375345348843054,2.958324931644053,PanTHERIA.2008
Cynomys_ludovicianus,Rodentia,Sciuridae,3.2624510897304293,3.13481437032046,PanTHERIA.2008
Cynomys_parvidens,Rodentia,Sciuridae,3.582630304077742,2.9542425094393248,PanTHERIA.2008
Cystophora_cristata,Carnivora,Phocidae,-2.3167609055124894,5.459895103782352,PanTHERIA.2008
Dactylopsila_trivirgata,Diprotodontia,Petauridae,0.6020599913279624,2.6164755138885654,PanTHERIA.2008
Dama_dama,Cetartiodactyla,Cervidae,1.3422252293607904,4.7501225267834,PanTHERIA.2008
Damaliscus_lunatus,Cetartiodactyla,Bovidae,0.437750562820388,5.133539866371694,PanTHERIA.2008
Damaliscus_pygargus,Cetartiodactyla,Bovidae,1.39022836246913,5.008600171761918,PanTHERIA.2008
Dasymys_incomtus,Rodentia,Muridae,3.2351242640194617,1.9552065375419418,PanTHERIA.2008
Dasyurus_geoffroii,Dasyuromorphia,Dasyuridae,0.36172783601759284,3.041392685158225,PanTHERIA.2008
Dasyurus_hallucatus,Dasyuromorphia,Dasyuridae,1.2105860249051565,2.720159303405957,PanTHERIA.2008
Dasyurus_maculatus,Dasyuromorphia,Dasyuridae,0.5428254269591799,3.7403626894942437,PanTHERIA.2008
Dasyurus_viverrinus,Dasyuromorphia,Dasyuridae,1.2787536009528289,3.037426497940624,PanTHERIA.2008
Daubentonia_madagascariensis,Primates,Daubentoniidae,1.5997739391463883,3.3979400086720375,PanTHERIA.2008
Delanymys_brooksi,Rodentia,Nesomyidae,2.9407554803427463,0.6989700043360189,PanTHERIA.2008
Dipodomys_agilis,Rodentia,Heteromyidae,2.8375253094496014,1.7626785637274363,PanTHERIA.2008
Dipodomys_deserti,Rodentia,Heteromyidae,2.205475036740891,2.019116290447073,PanTHERIA.2008
Dipodomys_elator,Rodentia,Heteromyidae,3.108690152868758,1.8893017025063104,PanTHERIA.2008
Dipodomys_heermanni,Rodentia,Heteromyidae,3.0645815209486944,1.8573324964312685,PanTHERIA.2008
Dipodomys_ingens,Rodentia,Heteromyidae,3.5875257612206854,2.126780577012009,PanTHERIA.2008
Dipodomys_merriami,Rodentia,Heteromyidae,2.5724184919871167,1.6232492903979006,PanTHERIA.2008
Dipodomys_microps,Rodentia,Heteromyidae,3.0645927493630523,1.7371926427047373,PanTHERIA.2008
Dipodomys_nelsoni,Rodentia,Heteromyidae,2.5724184919871167,1.9474337218870508,PanTHERIA.2008
Dipodomys_ordii,Rodentia,Heteromyidae,2.4727564493172123,1.7810369386211318,PanTHERIA.2008
Dipodomys_spectabilis,Rodentia,Heteromyidae,2.599566511001618,2.1332194567324945,PanTHERIA.2008
Dipodomys_stephensi,Rodentia,Heteromyidae,3.5289154153808373,1.8438554226231612,PanTHERIA.2008
Dromiciops_gliroides,Microbiotheria,Microbiotheriidae,1.6988831367525903,1.3483048630481607,PanTHERIA.2008
Dymecodon_pilirostris,Eulipotyphla,Talpidae,3.6989691357461862,1.209515014542631,PanTHERIA.2008
Echimys_chrysurus,Rodentia,Echimyidae,0.7923916894982539,2.8145805160103188,PanTHERIA.2008
Pattonomys_semivillosus,Rodentia,Echimyidae,1.5493711523331772,2.3010299956639813,PanTHERIA.2008
Eira_barbara,Carnivora,Mustelidae,0.24797326636180664,3.5921767573958667,PanTHERIA.2008
Elephantulus_brachyrhynchus,Macroscelidea,Macroscelididae,1.5196967671598531,1.6766936096248666,PanTHERIA.2008
Elephantulus_edwardii,Macroscelidea,Macroscelididae,3.1674384476125277,1.6812412373755872,PanTHERIA.2008
Enhydra_lutris,Carnivora,Mustelidae,0.8102325179950841,4.371067862271736,PanTHERIA.2008
Geocapromys_ingrahami,Rodentia,Echimyidae,3.4771212547196626,2.9030899869919438,PanTHERIA.2008
Geomys_attwateri,Rodentia,Geomyidae,3.3064121593753977,2.0784568180532927,PanTHERIA.2008
Geomys_breviceps,Rodentia,Geomyidae,1.7139942676606439,2.02201573981772,PanTHERIA.2008
Geomys_bursarius,Rodentia,Geomyidae,3.0969100130080562,2.3811150807098507,PanTHERIA.2008
Georychus_capensis,Rodentia,Bathyergidae,3.041392685158225,2.36679638328673,PanTHERIA.2008
Geoxus_valdivianus,Rodentia,Cricetidae,1.6004283257321312,1.4983105537896004,PanTHERIA.2008
Gerbilliscus_kempi,Rodentia,Muridae,2.8076567758102207,2.0043213737826426,PanTHERIA.2008
Gerbilliscus_leucogaster,Rodentia,Muridae,2.218377933291753,1.8621313793130372,PanTHERIA.2008
Gerbillurus_paeba,Rodentia,Muridae,2.9379189026477803,1.3673559210260189,PanTHERIA.2008
Gerbillurus_tytonis,Rodentia,Muridae,3.230448921378274,1.4913616938342726,PanTHERIA.2008
Eschrichtius_robustus,Cetartiodactyla,Eschrichtiidae,0.6901960800285137,7.45484486000851,PanTHERIA.2008
Eudorcas_rufifrons,Cetartiodactyla,Bovidae,0.1931245983544616,4.43136054715091,PanTHERIA.2008
Gulo_gulo,Carnivora,Mustelidae,-2.101486314284163,4.230770691000255,PanTHERIA.2008
Gymnobelideus_leadbeateri,Diprotodontia,Petauridae,2.412057146690156,2.103803720955957,PanTHERIA.2008
Hapalemur_griseus,Primates,Lemuridae,1.792391689498254,2.9542425094393248,PanTHERIA.2008
Heliophobius_argenteocinereus,Rodentia,Bathyergidae,3.7634279935629373,2.2576785748691846,PanTHERIA.2008
Herpestes_javanicus,Carnivora,Herpestidae,1.5975855017522047,2.8750612633917,PanTHERIA.2008
Felis_silvestris,Carnivora,Felidae,-0.44369749923271273,3.7403626894942437,PanTHERIA.2008
Fossa_fossana,Carnivora,Eupleridae,0.5327543789924978,3.1760912590556813,PanTHERIA.2008
Funisciurus_congicus,Rodentia,Sciuridae,3,2.0492180226701815,PanTHERIA.2008
Sciurocheirus_alleni,Primates,Galagidae,1.2166935991697543,2.5217916496391233,PanTHERIA.2008
Galagoides_demidoff,Primates,Galagidae,1.7601962294551339,1.7788744720027396,PanTHERIA.2008
Galago_moholi,Primates,Galagidae,2.235629433882054,2.2041199826559246,PanTHERIA.2008
Galago_senegalensis,Primates,Galagidae,1.953131225183445,2.3573630306151427,PanTHERIA.2008
Giraffa_camelopardalis,Cetartiodactyla,Giraffidae,0.08990511143939793,5.954240000175069,PanTHERIA.2008
Glaucomys_sabrinus,Rodentia,Sciuridae,1.934144811792477,2.220108088040055,PanTHERIA.2008
Glaucomys_volans,Rodentia,Sciuridae,2.65088037501151,1.8055008581584002,PanTHERIA.2008
Glis_glis,Rodentia,Gliridae,3.4771212547196626,2.0969100130080562,PanTHERIA.2008
Gorilla_gorilla,Primates,Hominidae,-0.22914798835785583,5.082605872697899,PanTHERIA.2008
Graphiurus_murinus,Rodentia,Gliridae,1.7356787259059046,1.4771212547196624,PanTHERIA.2008
Grammomys_dolichurus,Rodentia,Muridae,2.3152984528736242,1.6148972160331345,PanTHERIA.2008
Hemibelideus_lemuroides,Diprotodontia,Pseudocheiridae,2.845098040014257,2.978864984347657,PanTHERIA.2008
Hippocamelus_antisensis,Cetartiodactyla,Cervidae,0.07918124604762482,4.8363203171961295,PanTHERIA.2008
Hippocamelus_bisulcus,Cetartiodactyla,Cervidae,0.04921802267018165,4.8450999012723335,PanTHERIA.2008
Hippopotamus_amphibius,Cetartiodactyla,Hippopotamidae,0.6866362692622934,6.151520003748268,PanTHERIA.2008
Hippotragus_equinus,Cetartiodactyla,Bovidae,-0.017728766960431602,5.431360064597643,PanTHERIA.2008
Hippotragus_niger,Cetartiodactyla,Bovidae,0.11394335230683679,5.356980064700362,PanTHERIA.2008
Parahyaena_brunnea,Carnivora,Hyaenidae,-2,4.507859917898863,PanTHERIA.2008
Hybomys_trivirgatus,Rodentia,Muridae,1.9063350418050906,1.7551122663950711,PanTHERIA.2008
Hydrochoerus_hydrochaeris,Rodentia,Caviidae,2.098089690363952,4.698970004336019,PanTHERIA.2008
Hydrurga_leptonyx,Carnivora,Phocidae,-0.958607314841775,5.556302500767287,PanTHERIA.2008
Hyemoschus_aquaticus,Cetartiodactyla,Tragulidae,1.2000292665537702,4.035429738184549,PanTHERIA.2008
Hylobates_agilis,Primates,Hylobatidae,1.0692980121155293,3.7520484478194387,PanTHERIA.2008
Hylobates_klossii,Primates,Hylobatidae,1.2206310194480923,3.7634279935629373,PanTHERIA.2008
Hylobates_lar,Primates,Hylobatidae,0.8195439355418687,3.689486448364248,PanTHERIA.2008
Lemmiscus_curtatus,Rodentia,Cricetidae,2.770793120262041,1.4517864355242902,PanTHERIA.2008
Marmosa_murina,Didelphimorphia,Didelphidae,1.7466341989375787,1.414973347970818,PanTHERIA.2008
Marmosa_robinsoni,Didelphimorphia,Didelphidae,2.276530734334789,1.7535830588929067,PanTHERIA.2008
Marmosops_fuscatus,Didelphimorphia,Didelphidae,1.9472866446777983,1.7781512503836436,PanTHERIA.2008
Hylobates_moloch,Primates,Hylobatidae,0.7909884750888159,3.8129133566428557,PanTHERIA.2008
Hylobates_muelleri,Primates,Hylobatidae,1.0086001717619175,3.7781512503836434,PanTHERIA.2008
Hylobates_pileatus,Primates,Hylobatidae,1.3747483460101038,3.73559889969818,PanTHERIA.2008
Hylochoerus_meinertzhageni,Cetartiodactyla,Suidae,0.17609125905568124,5.275311354541811,PanTHERIA.2008
Hylomys_suillus,Eulipotyphla,Erinaceidae,2.1949858434258807,1.8182258936139555,PanTHERIA.2008
Hypogeomys_antimena,Rodentia,Nesomyidae,1.8016094880273188,3.0969100130080562,PanTHERIA.2008
Hypsiprymnodon_moschatus,Diprotodontia,Hypsiprymnodontidae,2.3801931457311913,2.716003343634799,PanTHERIA.2008
Hystrix_indica,Rodentia,Hystricidae,0.7084209001347127,4.094673728842782,PanTHERIA.2008
Ichneumia_albicauda,Carnivora,Herpestidae,0.568201724066995,3.5440680443502757,PanTHERIA.2008
Idiurus_macrotis,Rodentia,Anomaluridae,2.5731385996049783,1.4771212547196624,PanTHERIA.2008
Indri_indri,Primates,Indriidae,1.0261245167454502,3.9030899869919438,PanTHERIA.2008
Irenomys_tarsalis,Rodentia,Cricetidae,2.459196407798106,1.6354837468149122,PanTHERIA.2008
Isoodon_auratus,Peramelemorphia,Peramelidae,2.2385478876813276,2.6283889300503116,PanTHERIA.2008
Isoodon_macrourus,Peramelemorphia,Peramelidae,1.845098040014257,3.2041199826559246,PanTHERIA.2008
Isoodon_obesulus,Peramelemorphia,Peramelidae,1.6020599913279623,2.88930170250631,PanTHERIA.2008
Kobus_ellipsiprymnus,Cetartiodactyla,Bovidae,0.39093510710337914,5.3222199151541645,PanTHERIA.2008
Kobus_kob,Cetartiodactyla,Bovidae,0.414973347970818,4.894870209986278,PanTHERIA.2008
Kobus_leche,Cetartiodactyla,Bovidae,1.4913616938342726,5.044339813482533,PanTHERIA.2008
Kobus_megaceros,Cetartiodactyla,Bovidae,-0.46852108295774486,4.9420100383639785,PanTHERIA.2008
Kobus_vardonii,Cetartiodactyla,Bovidae,0.6794278966121189,4.854310293614356,PanTHERIA.2008
Lagidium_viscacia,Rodentia,Chinchillidae,0.2041199826559248,3.187520720836463,PanTHERIA.2008
Lagorchestes_conspicillatus,Diprotodontia,Macropodidae,1.6231458746379397,3.484299839346786,PanTHERIA.2008
Lagorchestes_hirsutus,Diprotodontia,Macropodidae,1.2583978040955086,3.1020905255118367,PanTHERIA.2008
Phataginus_tricuspis,Pholidota,Manidae,1.646207612206685,3.31527743947181,PanTHERIA.2008
Meriones_persicus,Rodentia,Muridae,2.1233942481055306,2,PanTHERIA.2008
Monodelphis_brevicaudata,Didelphimorphia,Didelphidae,1.6973165417323834,1.842609239610562,PanTHERIA.2008
Monodelphis_dimidiata,Didelphimorphia,Didelphidae,2.3010299956639813,1.7634279935629373,PanTHERIA.2008
Monodelphis_domestica,Didelphimorphia,Didelphidae,2.6020599913279625,1.8536982117761744,PanTHERIA.2008
Meles_meles,Carnivora,Mustelidae,0.4014005407815441,4.113943352306837,PanTHERIA.2008
Miopithecus_talapoin,Primates,Cercopithecidae,1.6239725120169963,3.175859573543703,PanTHERIA.2008
Mirza_coquereli,Primates,Cheirogaleidae,2.0300732307125178,2.4885507165004443,PanTHERIA.2008
Mogera_wogura,Eulipotyphla,Talpidae,3.6989691357461862,2.0472748673841794,PanTHERIA.2008
Moschiola_meminna,Cetartiodactyla,Tragulidae,0.437750562820388,3.388278863459639,PanTHERIA.2008
Mungos_mungo,Carnivora,Herpestidae,1.2299376859079338,3.2844307338445193,PanTHERIA.2008
Mungotictis_decemlineata,Carnivora,Eupleridae,0.865103974641128,2.8129133566428557,PanTHERIA.2008
Marmosops_noctivagus,Didelphimorphia,Didelphidae,1.1231980750319988,1.6532125137753437,PanTHERIA.2008
Marmosops_parvidens,Didelphimorphia,Didelphidae,1.1583624920952498,1.1760912590556813,PanTHERIA.2008
Marmota_flaviventris,Rodentia,Sciuridae,0.8388490907372553,3.525044807036845,PanTHERIA.2008
Marmota_marmota,Rodentia,Sciuridae,2.766040860381389,3.303196057420489,PanTHERIA.2008
Marmota_monax,Rodentia,Sciuridae,2.1357685145678222,3.5799778428068842,PanTHERIA.2008
Lemmus_trimucronatus,Rodentia,Cricetidae,3.251570090479933,1.9057958803678685,PanTHERIA.2008
Lemniscomys_griselda,Rodentia,Muridae,2.535028144032475,1.7634279935629373,PanTHERIA.2008
Lasiorhinus_krefftii,Diprotodontia,Vombatidae,1.3422252293607904,4.497620649781288,PanTHERIA.2008
Lasiorhinus_latifrons,Diprotodontia,Vombatidae,1.8324450411741109,4.4065401804339555,PanTHERIA.2008
Lemniscomys_striatus,Rodentia,Muridae,2.8377399098926546,1.6190933306267428,PanTHERIA.2008
Lemur_catta,Primates,Lemuridae,2.3324384599156054,3.462397997898956,PanTHERIA.2008
Leontopithecus_chrysomelas,Primates,Callitrichidae,0.9425041061680807,2.845098040014257,PanTHERIA.2008
Leontopithecus_rosalia,Primates,Callitrichidae,0.60959440922522,2.7287594751678745,PanTHERIA.2008
Leopardus_pardalis,Carnivora,Felidae,-0.37675070960209955,4.075550610910658,PanTHERIA.2008
Lepilemur_edwardsi,Primates,Lepilemuridae,1.851135995011574,2.943247125137862,PanTHERIA.2008
Lepilemur_leucopus,Primates,Lepilemuridae,2.703282778142782,2.720159303405957,PanTHERIA.2008
Lepilemur_microdon,Primates,Lepilemuridae,1.556905269055448,2.9542425094393248,PanTHERIA.2008
Lepilemur_mustelinus,Primates,Lepilemuridae,2.40671045860979,3,PanTHERIA.2008
Lepilemur_ruficaudatus,Primates,Lepilemuridae,2.4149733479708178,2.8750612633917,PanTHERIA.2008
Lepilemur_septentrionalis,Primates,Lepilemuridae,2.188253327026504,2.8750612633917,PanTHERIA.2008
Leptonychotes_weddellii,Carnivora,Phocidae,-0.9208187539523752,5.6020599913279625,PanTHERIA.2008
Lepus_alleni,Lagomorpha,Leporidae,1.205745540942662,3.56643749219507,PanTHERIA.2008
Lepus_americanus,Lagomorpha,Leporidae,2,3.2329961103921536,PanTHERIA.2008
Lepus_brachyurus,Lagomorpha,Leporidae,1.6020599913279623,3.3710678622717363,PanTHERIA.2008
Lepus_californicus,Lagomorpha,Leporidae,1.0791812460476249,3.384263785722803,PanTHERIA.2008
Lepus_callotis,Lagomorpha,Leporidae,0.5899496013257077,3.3979400086720375,PanTHERIA.2008
Lepus_capensis,Lagomorpha,Leporidae,1.1687920203141817,3.5134440136214473,PanTHERIA.2008
Lepus_coreanus,Lagomorpha,Leporidae,1.6988831367525903,3.230448921378274,PanTHERIA.2008
Lepus_victoriae,Lagomorpha,Leporidae,1.9777236052888478,3.2430380486862944,PanTHERIA.2008
Lepus_nigricollis,Lagomorpha,Leporidae,1.9516288938366382,3.361444508086328,PanTHERIA.2008
Lepus_othus,Lagomorpha,Leporidae,0.21484384804769785,3.6817837664678814,PanTHERIA.2008
Lepus_townsendii,Lagomorpha,Leporidae,0.7134905430939426,3.1917303933628562,PanTHERIA.2008
Heteromys_adspersus,Rodentia,Heteromyidae,2.8701755772792916,1.8129133566428555,PanTHERIA.2008
Heteromys_pictus,Rodentia,Heteromyidae,3.5936127728599776,1.6020599913279623,PanTHERIA.2008
Heteromys_salvini,Rodentia,Heteromyidae,2.7589270243462654,1.6232492903979006,PanTHERIA.2008
Litocranius_walleri,Cetartiodactyla,Bovidae,-0.36653154442041347,4.579780167962629,PanTHERIA.2008
Lobodon_carcinophaga,Carnivora,Phocidae,0.004321373782642578,5.367821652418537,PanTHERIA.2008
Lontra_canadensis,Carnivora,Mustelidae,0.04921802267018165,3.9078089236963316,PanTHERIA.2008
Lophocebus_albigena,Primates,Cercopithecidae,1.1720188094245565,3.8441539752118454,PanTHERIA.2008
Lophuromys_flavopunctatus,Rodentia,Muridae,2.922169911546005,1.7781512503836436,PanTHERIA.2008
Lophuromys_sikapusi,Rodentia,Muridae,2.3283796034387376,1.8698182079793282,PanTHERIA.2008
Loris_tardigradus,Primates,Lorisidae,1.8590782247469695,2.3573630306151427,PanTHERIA.2008
Loxodonta_africana,Proboscidea,Elephantidae,0.8273692730538252,6.643452676486188,PanTHERIA.2008
Loxodontomys_micropus,Rodentia,Cricetidae,2.3572485769362874,1.861534410859038,PanTHERIA.2008
Lutra_lutra,Carnivora,Mustelidae,-0.07058107428570728,3.94374670939432,PanTHERIA.2008
Lutrogale_perspicillata,Carnivora,Mustelidae,0.6454222693490919,3.976959489490355,PanTHERIA.2008
Lycalopex_culpaeus,Carnivora,Canidae,0.004321373782642578,3.992659538130954,PanTHERIA.2008
Lycaon_pictus,Carnivora,Canidae,-2,4.343410563388878,PanTHERIA.2008
Lynx_canadensis,Carnivora,Felidae,-1.3010299956639813,3.9718878838532903,PanTHERIA.2008
Lynx_lynx,Carnivora,Felidae,-1.6989700043360187,4.254064452914338,PanTHERIA.2008
Lynx_pardinus,Carnivora,Felidae,-0.494850021680094,3.9731278535996988,PanTHERIA.2008
Lynx_rufus,Carnivora,Felidae,-1,3.9495900288203982,PanTHERIA.2008
Macaca_fascicularis,Primates,Cercopithecidae,1.6988831367525903,3.60113613360707,PanTHERIA.2008
Macaca_fuscata,Primates,Cercopithecidae,1.4798631130230977,4.017033339298781,PanTHERIA.2008
Macaca_maura,Primates,Cercopithecidae,1.3010299956639813,3.863322860120456,PanTHERIA.2008
Macaca_mulatta,Primates,Cercopithecidae,1.0453229787866574,3.569724949226159,PanTHERIA.2008
Macaca_nemestrina,Primates,Cercopithecidae,1.276921132065774,3.799099207695827,PanTHERIA.2008
Macaca_nigra,Primates,Cercopithecidae,1.745309059940828,3.806179973983887,PanTHERIA.2008
Macaca_ochreata,Primates,Cercopithecidae,1.1760912590556813,3.4149733479708178,PanTHERIA.2008
Macaca_radiata,Primates,Cercopithecidae,0.919078092376074,3.56702636615906,PanTHERIA.2008
Macaca_silenus,Primates,Cercopithecidae,0.004321373782642578,3.6766936096248664,PanTHERIA.2008
Macaca_sinica,Primates,Cercopithecidae,1.4771212547196624,3.5550944485783194,PanTHERIA.2008
Macaca_sylvanus,Primates,Cercopithecidae,1.0969100130080565,4.086359830674748,PanTHERIA.2008
Macaca_tonkeana,Primates,Cercopithecidae,1,3.9542425094393248,PanTHERIA.2008
Macropus_agilis,Diprotodontia,Macropodidae,1.2482185611900747,4.176091259055681,PanTHERIA.2008
Macropus_antilopinus,Diprotodontia,Macropodidae,1.326540668516562,4.435366506612661,PanTHERIA.2008
Macropus_dorsalis,Diprotodontia,Macropodidae,2.041392685158225,4.0511525224473814,PanTHERIA.2008
Macropus_eugenii,Diprotodontia,Macropodidae,1.86840930331496,3.8129133566428557,PanTHERIA.2008
Macropus_fuliginosus,Diprotodontia,Macropodidae,1.7481880270062005,4.342422680822207,PanTHERIA.2008
Macropus_giganteus,Diprotodontia,Macropodidae,1.6227319651647192,4.4128803584649745,PanTHERIA.2008
Macropus_irma,Diprotodontia,Macropodidae,1.4265112613645752,3.9030899869919438,PanTHERIA.2008
Macropus_parryi,Diprotodontia,Macropodidae,1.6051972673883779,4.1303337684950066,PanTHERIA.2008
Macropus_robustus,Diprotodontia,Macropodidae,1.6020599913279623,4.327614326620625,PanTHERIA.2008
Macropus_rufogriseus,Diprotodontia,Macropodidae,1.6671726724788685,4.226599905207357,PanTHERIA.2008
Macropus_rufus,Diprotodontia,Macropodidae,0.49692964807321494,4.665111737075051,PanTHERIA.2008
Macrotis_lagotis,Peramelemorphia,Thylacomyidae,0.9030899869919435,3.130333768495006,PanTHERIA.2008
Madoqua_guentheri,Cetartiodactyla,Bovidae,1.1464381352857747,3.8750612633917,PanTHERIA.2008
Madoqua_kirkii,Cetartiodactyla,Bovidae,1.2787536009528289,3.7242840637589936,PanTHERIA.2008
Makalata_didelphoides,Rodentia,Echimyidae,2.1903597162653243,2.6020599913279625,PanTHERIA.2008
Malacomys_edwardsi,Rodentia,Muridae,2.19041574703329,1.8129133566428555,PanTHERIA.2008
Mandrillus_sphinx,Primates,Cercopithecidae,1.3304137733491908,4.261260489090183,PanTHERIA.2008
Martes_americana,Carnivora,Mustelidae,-0.17392519729917355,3.0969100130080562,PanTHERIA.2008
Martes_martes,Carnivora,Mustelidae,-0.3565473235138126,3.113943352306837,PanTHERIA.2008
Martes_pennanti,Carnivora,Mustelidae,-0.769551078621726,3.6020599913279625,PanTHERIA.2008
Martes_zibellina,Carnivora,Mustelidae,-1.154901959985743,3.0530784434834195,PanTHERIA.2008
Mastomys_erythroleucus,Rodentia,Muridae,2.889822543442496,1.667452952889954,PanTHERIA.2008
Mastomys_natalensis,Rodentia,Muridae,3.1156903745803546,1.561101383649056,PanTHERIA.2008
Maxomys_whiteheadi,Rodentia,Muridae,1.646207612206685,1.7481880270062005,PanTHERIA.2008
Mazama_americana,Cetartiodactyla,Cervidae,0.9684829485539351,4.3579291325617815,PanTHERIA.2008
Mazama_gouazoubira,Cetartiodactyla,Cervidae,0.964259630196849,4.21219026877911,PanTHERIA.2008
Melomys_cervinipes,Rodentia,Muridae,2.771447837533725,1.8920946026904804,PanTHERIA.2008
Melursus_ursinus,Carnivora,Ursidae,-0.8860566476931632,4.969089602954922,PanTHERIA.2008
Mephitis_mephitis,Carnivora,Mephitidae,0.9111576087399766,3.3191060593097763,PanTHERIA.2008
Microtus_mexicanus,Rodentia,Cricetidae,3.1713373152851565,1.5440680443502757,PanTHERIA.2008
Microtus_montanus,Rodentia,Cricetidae,3.499687082618404,1.5599066250361124,PanTHERIA.2008
Microtus_ochrogaster,Rodentia,Cricetidae,3.9537881928830148,1.5797835966168101,PanTHERIA.2008
Microtus_oeconomus,Rodentia,Cricetidae,3.6005340257032827,1.5365584425715302,PanTHERIA.2008
Microtus_oregoni,Rodentia,Cricetidae,2.74170298395774,1.3096301674258988,PanTHERIA.2008
Microtus_pennsylvanicus,Rodentia,Cricetidae,3.4044881954088586,1.5658478186735176,PanTHERIA.2008
Microtus_pinetorum,Rodentia,Cricetidae,3.164352855784437,1.4199557484897578,PanTHERIA.2008
Microtus_richardsoni,Rodentia,Cricetidae,2.792391689498254,1.9294189257142926,PanTHERIA.2008
Microtus_townsendii,Rodentia,Cricetidae,4.5359133393794435,1.8115750058705933,PanTHERIA.2008
Microtus_xanthognathus,Rodentia,Cricetidae,3,2.09968064110925,PanTHERIA.2008
Muntiacus_muntjak,Cetartiodactyla,Cervidae,0.4941545940184428,4.202101257450654,PanTHERIA.2008
Muntiacus_reevesi,Cetartiodactyla,Cervidae,-0.17392519729917355,4.1303337684950066,PanTHERIA.2008
Murexia_melanurus,Dasyuromorphia,Dasyuridae,2.1760912590556813,1.6794278966121188,PanTHERIA.2008
Necromys_urichi,Rodentia,Cricetidae,2.4837013823394596,1.5314789170422551,PanTHERIA.2008
Nectomys_squamipes,Rodentia,Cricetidae,2.327522402716821,2.280350693046006,PanTHERIA.2008
Metachirus_nudicaudatus,Didelphimorphia,Didelphidae,1.4080702858871854,2.574031267727719,PanTHERIA.2008
Aethomys_namaquensis,Rodentia,Muridae,3.1395327715979393,1.7041505168397992,PanTHERIA.2008
Marmosa_demerarae,Didelphimorphia,Didelphidae,1.4212747912103465,1.8796692056320534,PanTHERIA.2008
Marmosa_paraguayanus,Didelphimorphia,Didelphidae,1.4888326343824005,1.8715729355458788,PanTHERIA.2008
Microcavia_australis,Rodentia,Caviidae,3.3257188065526777,2.4565178578052627,PanTHERIA.2008
Microcebus_murinus,Primates,Cheirogaleidae,2.663700925389648,1.7781512503836436,PanTHERIA.2008
Microcebus_rufus,Primates,Cheirogaleidae,2.2247919564926817,1.6283889300503116,PanTHERIA.2008
Microtus_agrestis,Rodentia,Cricetidae,3.2897449851551164,1.6283889300503116,PanTHERIA.2008
Microtus_arvalis,Rodentia,Cricetidae,4.2455126678141495,1.4471580313422192,PanTHERIA.2008
Microtus_californicus,Rodentia,Cricetidae,4.118172432840572,1.7589118923979734,PanTHERIA.2008
Myrmecobius_fasciatus,Dasyuromorphia,Myrmecobiidae,0.724275869600789,2.6734816970733473,PanTHERIA.2008
Myrmecophaga_tridactyla,Pilosa,Myrmecophagidae,0.04139268515822508,4.348950955170547,PanTHERIA.2008
Nandinia_binotata,Carnivora,Nandiniidae,0.69810054562339,3.3010299956639813,PanTHERIA.2008
Microtus_longicaudus,Rodentia,Cricetidae,3.0791812460476247,1.6693168805661123,PanTHERIA.2008
Mus_bufo,Rodentia,Muridae,2.5271012090571183,1.0170333392987803,PanTHERIA.2008
Mus_minutoides,Rodentia,Muridae,1.9642124729698192,0.8325089127062363,PanTHERIA.2008
Mus_musculoides,Rodentia,Muridae,2.791795877259999,0.7481880270062004,PanTHERIA.2008
Mus_musculus,Rodentia,Muridae,3.6973627500902255,1.2068258760318498,PanTHERIA.2008
Mus_spicilegus,Rodentia,Muridae,2.9420030896284435,1.146128035678238,PanTHERIA.2008
Mus_triton,Rodentia,Muridae,2.9106350753842056,1.08278537031645,PanTHERIA.2008
Mustela_erminea,Carnivora,Mustelidae,0.7958800173440752,2.0770043267933502,PanTHERIA.2008
Mustela_frenata,Carnivora,Mustelidae,-0.11918640771920865,2.167317334748176,PanTHERIA.2008
Mustela_lutreola,Carnivora,Mustelidae,-1.154901959985743,2.6434526764861874,PanTHERIA.2008
Mustela_nigripes,Carnivora,Mustelidae,0.3010299956639812,2.929418925714293,PanTHERIA.2008
Mustela_nivalis,Carnivora,Mustelidae,1.110252917353403,2.1383026981662816,PanTHERIA.2008
Mustela_putorius,Carnivora,Mustelidae,-0.08092190762392612,2.9616109080912807,PanTHERIA.2008
Mylomys_dybowskii,Rodentia,Muridae,2.2237813963998136,2.0584260244570056,PanTHERIA.2008
Myocastor_coypus,Rodentia,Echimyidae,2.3546077827892637,3.8412029961307326,PanTHERIA.2008
Myodes_californicus,Rodentia,Cricetidae,2.6375097426219773,1.2624510897304295,PanTHERIA.2008
Myodes_gapperi,Rodentia,Cricetidae,3.0742347986124665,1.2787536009528289,PanTHERIA.2008
Myodes_glareolus,Rodentia,Cricetidae,3.5686768404768334,1.3263358609287514,PanTHERIA.2008
Myodes_rutilus,Rodentia,Cricetidae,3.6100796515279208,1.4502491083193612,PanTHERIA.2008
Myodes_smithii,Rodentia,Cricetidae,3.154146934541077,1.5440680443502757,PanTHERIA.2008
Myomyscus_verreauxii,Rodentia,Muridae,3.6038196572149803,1.6127838567197355,PanTHERIA.2008
Myoprocta_acouchy,Rodentia,Dasyproctidae,0.8813846567705729,2.7781512503836434,PanTHERIA.2008
Myoprocta_pratti,Rodentia,Dasyproctidae,0.6711728427150833,2.958085848521085,PanTHERIA.2008
Myosorex_varius,Eulipotyphla,Soricidae,3.2288185379253043,1.1205739312058498,PanTHERIA.2008
Nanger_dama,Cetartiodactyla,Bovidae,-0.744727494896694,4.8633198854905295,PanTHERIA.2008
Nanger_granti,Cetartiodactyla,Bovidae,0.5932860670204573,4.740360320608791,PanTHERIA.2008
Nanger_soemmerringii,Cetartiodactyla,Bovidae,0.7379873263334308,4.6020599913279625,PanTHERIA.2008
Napaeozapus_insignis,Rodentia,Dipodidae,2.824243019014837,1.3483048630481607,PanTHERIA.2008
Nasalis_larvatus,Primates,Cercopithecidae,0.9537596917332288,3.9542425094393248,PanTHERIA.2008
Nasua_narica,Carnivora,Procyonidae,0.7831886910752576,3.6053050461411096,PanTHERIA.2008
Nasua_nasua,Carnivora,Procyonidae,1.1880843737149382,3.5790744321968617,PanTHERIA.2008
Neacomys_guianae,Rodentia,Cricetidae,1.4385423487861106,1.1522883443830565,PanTHERIA.2008
Neacomys_tenuipes,Rodentia,Cricetidae,2.436273990326048,1.2787536009528289,PanTHERIA.2008
Necromys_amoenus,Rodentia,Cricetidae,3.252673453122354,1.462397997898956,PanTHERIA.2008
Neofiber_alleni,Rodentia,Cricetidae,4.161838283126078,2.424881636631067,PanTHERIA.2008
Neomys_fodiens,Eulipotyphla,Soricidae,2.505149978319906,1.1553360374650619,PanTHERIA.2008
Neotoma_albigula,Rodentia,Cricetidae,2.7854081433487674,2.3138672203691533,PanTHERIA.2008
Neotoma_bryanti,Rodentia,Cricetidae,2.3634615488265935,2.2600713879850747,PanTHERIA.2008
Neotoma_floridana,Rodentia,Cricetidae,2.437718861336239,2.388633969351789,PanTHERIA.2008
Neotoma_fuscipes,Rodentia,Cricetidae,3.230448921378274,2.3613500243522663,PanTHERIA.2008
Neotoma_lepida,Rodentia,Cricetidae,2.8290334610476733,2.2143138974244,PanTHERIA.2008
Neotoma_mexicana,Rodentia,Cricetidae,2.1226090235759902,2.307496037913213,PanTHERIA.2008
Ochotona_alpina,Lagomorpha,Ochotonidae,2.909769914732769,2.419955748489758,PanTHERIA.2008
Ochotona_collaris,Lagomorpha,Ochotonidae,2.865204686103311,2.110589710299249,PanTHERIA.2008
Ochotona_curzoniae,Lagomorpha,Ochotonidae,4.278753600952829,2.210853365314893,PanTHERIA.2008
Ochotona_dauurica,Lagomorpha,Ochotonidae,3.7396435344317123,2.113943352306837,PanTHERIA.2008
Ochotona_hyperborea,Lagomorpha,Ochotonidae,3.528451319060219,2.1931245983544616,PanTHERIA.2008
Ochotona_macrotis,Lagomorpha,Ochotonidae,3.0791812460476247,2.220108088040055,PanTHERIA.2008
Ochotona_pallasii,Lagomorpha,Ochotonidae,4,2.330413773349191,PanTHERIA.2008
Ochotona_princeps,Lagomorpha,Ochotonidae,2.889071885920329,2.1975562131535367,PanTHERIA.2008
Ochotona_pusilla,Lagomorpha,Ochotonidae,3.5158725196411185,2.153814864344529,PanTHERIA.2008
Ochotona_roylei,Lagomorpha,Ochotonidae,3.0691498898487786,2.4149733479708178,PanTHERIA.2008
Pelea_capreolus,Cetartiodactyla,Bovidae,1.2720737875000099,4.301029995663981,PanTHERIA.2008
Pelomys_fallax,Rodentia,Muridae,2.9926418698783976,2.113943352306837,PanTHERIA.2008
Oecomys_concolor,Rodentia,Cricetidae,2.130591051963374,1.7895807121644254,PanTHERIA.2008
Oenomys_hypoxanthus,Rodentia,Muridae,3.5726346496719668,1.954242509439325,PanTHERIA.2008
Okapia_johnstoni,Cetartiodactyla,Giraffidae,0.00860017176191757,5.361729913073192,PanTHERIA.2008
Oligoryzomys_eliurus,Rodentia,Cricetidae,2.9685109666489677,1.4771212547196624,PanTHERIA.2008
Oligoryzomys_longicaudatus,Rodentia,Cricetidae,2.5576996443512146,1.4313637641589874,PanTHERIA.2008
Oligoryzomys_nigripes,Rodentia,Cricetidae,3.3373733922839146,1.3117538610557542,PanTHERIA.2008
Ommatophoca_rossii,Carnivora,Phocidae,-0.7958800173440752,5.3979400086720375,PanTHERIA.2008
Onychogalea_fraenata,Diprotodontia,Macropodidae,1.3010299956639813,3.7403626894942437,PanTHERIA.2008
Aegialomys_galapagoensis,Rodentia,Cricetidae,3.359835482339888,2.062581984228163,PanTHERIA.2008
Hylaeamys_laticeps,Rodentia,Cricetidae,2.248341156669196,1.8494194137968993,PanTHERIA.2008
Euryoryzomys_macconnelli,Rodentia,Cricetidae,1.7166709755601355,1.7634279935629373,PanTHERIA.2008
Hylaeamys_megacephalus,Rodentia,Cricetidae,2.505149978319906,1.761927838420529,PanTHERIA.2008
Handleyomys_melanotis,Rodentia,Cricetidae,3.0102787503368265,1.6989700043360187,PanTHERIA.2008
Oryzomys_palustris,Rodentia,Cricetidae,2.728256359248493,1.7315887651867388,PanTHERIA.2008
Neotoma_micropus,Rodentia,Cricetidae,3.401557341035,2.3756636139608855,PanTHERIA.2008
Neotomodon_alstoni,Rodentia,Cricetidae,3.5288421699776817,1.6020599913279623,PanTHERIA.2008
Nesotragus_moschatus,Cetartiodactyla,Bovidae,1.2385478876813278,3.8129133566428557,PanTHERIA.2008
Neurotrichus_gibbsii,Eulipotyphla,Talpidae,3.1502958128255383,0.9493900066449128,PanTHERIA.2008
Niviventer_cremoriventer,Rodentia,Muridae,1.3785795761157749,1.8432327780980093,PanTHERIA.2008
Nomascus_concolor,Primates,Hylobatidae,0.7902851640332417,3.8750612633917,PanTHERIA.2008
Notiosorex_crawfordi,Eulipotyphla,Soricidae,3.380209432147495,0.6434526764861874,PanTHERIA.2008
Nyctereutes_procyonoides,Carnivora,Canidae,1.0799044676667207,3.606381365110605,PanTHERIA.2008
Nycticebus_coucang,Primates,Lorisidae,1.3010299956639813,2.904985881099363,PanTHERIA.2008
Nyctimene_rabori,Chiroptera,Pteropodidae,1.4771212547196624,1.8293037728310249,PanTHERIA.2008
Ochotona_rufescens,Lagomorpha,Ochotonidae,3.7781505265589037,2.3979400086720375,PanTHERIA.2008
Ochotona_rutila,Lagomorpha,Ochotonidae,2.8613133243903017,2.4313637641589874,PanTHERIA.2008
Ochrotomys_nuttalli,Rodentia,Cricetidae,2.4804812440617554,1.3502480183341627,PanTHERIA.2008
Octodon_degus,Rodentia,Octodontidae,3.0667842089825386,2.322219294733919,PanTHERIA.2008
Odobenus_rosmarus,Carnivora,Odobenidae,0.10380372095595687,5.9164539485499255,PanTHERIA.2008
Odocoileus_hemionus,Cetartiodactyla,Cervidae,1.2041199826559248,4.734100236252656,PanTHERIA.2008
Odocoileus_virginianus,Cetartiodactyla,Cervidae,1.2385478876813278,4.744360273991164,PanTHERIA.2008
Oecomys_bicolor,Rodentia,Cricetidae,1.6479694583629718,1.5314789170422551,PanTHERIA.2008
Onychomys_torridus,Rodentia,Cricetidae,2.2001662463631075,1.3979400086720377,PanTHERIA.2008
Orcaella_brevirostris,Cetartiodactyla,Delphinidae,1.5724068675580558,5.278753600952829,PanTHERIA.2008
Oreonax_flavicauda,Primates,Atelidae,0.8102325179950841,3.832508912706236,PanTHERIA.2008
Oreotragus_oreotragus,Cetartiodactyla,Bovidae,0.41830129131974547,4.113940011567204,PanTHERIA.2008
Oryctolagus_cuniculus,Lagomorpha,Leporidae,2.553761698390004,3.2918792239146977,PanTHERIA.2008
Oryx_beisa,Cetartiodactyla,Bovidae,0.13987908640123647,5.230448921378274,PanTHERIA.2008
Oryx_gazella,Cetartiodactyla,Bovidae,0.9947569445876282,5.227890045327609,PanTHERIA.2008
Oryzomys_couesi,Rodentia,Cricetidae,2.345158000269438,1.8407332346118068,PanTHERIA.2008
Cerradomys_subflavus,Rodentia,Cricetidae,1.9472866446777983,1.9840770339028309,PanTHERIA.2008
Osgoodomys_banderanus,Rodentia,Cricetidae,2.7025511570495233,1.6989700043360187,PanTHERIA.2008
Otocyon_megalotis,Carnivora,Canidae,0.07188200730612536,3.6180480967120925,PanTHERIA.2008
Otolemur_crassicaudatus,Primates,Galagidae,1.9444333177002147,3.1760912590556813,PanTHERIA.2008
Otolemur_garnettii,Primates,Galagidae,1.5797835966168101,2.8808135922807914,PanTHERIA.2008
Otomys_angoniensis,Rodentia,Muridae,3.4200779282282463,2.0860037056183818,PanTHERIA.2008
Otomys_irroratus,Rodentia,Muridae,3.477705711176212,2.0718820073061255,PanTHERIA.2008
Ourebia_ourebi,Cetartiodactyla,Bovidae,0.38560627359831223,4.236789099409293,PanTHERIA.2008
Ovibos_moschatus,Cetartiodactyla,Bovidae,-0.5086383061657274,5.532118519253674,PanTHERIA.2008
Ovis_ammon,Cetartiodactyla,Bovidae,-1.6989700043360187,5.2552725051033065,PanTHERIA.2008
Ovis_canadensis,Cetartiodactyla,Bovidae,0.17026171539495738,4.873000140560429,PanTHERIA.2008
Oxymycterus_roberti,Rodentia,Cricetidae,2.4258764348879325,1.9211660506377388,PanTHERIA.2008
Oxymycterus_rufus,Rodentia,Cricetidae,2.739706804620217,1.877371345869774,PanTHERIA.2008
Pagophilus_groenlandicus,Carnivora,Phocidae,-1.0457574905606752,5.079181246047625,PanTHERIA.2008
Pan_paniscus,Primates,Hominidae,0.3010299956639812,4.531480194377088,PanTHERIA.2008
Pan_troglodytes,Primates,Hominidae,0.21218760440395779,4.628388930050312,PanTHERIA.2008
Panthera_leo,Carnivora,Felidae,-0.958607314841775,5.208170106443451,PanTHERIA.2008
Panthera_onca,Carnivora,Felidae,-1.3010299956639813,5,PanTHERIA.2008
Panthera_pardus,Carnivora,Felidae,-1.154901959985743,4.740360320608791,PanTHERIA.2008
Panthera_tigris,Carnivora,Felidae,-1.5228787452803376,5.211024376852319,PanTHERIA.2008
Phocoena_phocoena,Cetartiodactyla,Phocoenidae,-1.5228787452803376,4.720159303405957,PanTHERIA.2008
Phodopus_campbelli,Rodentia,Cricetidae,1.3010299956639813,1.3692158574101427,PanTHERIA.2008
Phodopus_roborovskii,Rodentia,Cricetidae,2.439332693830263,1.2741578492636798,PanTHERIA.2008
Phodopus_sungorus,Rodentia,Cricetidae,1.778078861937455,1.5289167002776547,PanTHERIA.2008
Papio_anubis,Primates,Cercopithecidae,1.0334237554869496,4.452234310472037,PanTHERIA.2008
Papio_cynocephalus,Primates,Cercopithecidae,0.7678976160180907,4.289678120899732,PanTHERIA.2008
Papio_hamadryas,Primates,Cercopithecidae,0.3222192947339193,4.17528561982605,PanTHERIA.2008
Papio_papio,Primates,Cercopithecidae,1.0441476208787228,4.190337301933905,PanTHERIA.2008
Papio_ursinus,Primates,Cercopithecidae,0.4424797690644486,4.446212412109978,PanTHERIA.2008
Parantechinus_apicalis,Dasyuromorphia,Dasyuridae,2.778144012081959,1.8375884382355112,PanTHERIA.2008
Parascalops_breweri,Eulipotyphla,Talpidae,2.9542425094393248,1.7075701760979363,PanTHERIA.2008
Paraxerus_cepapi,Rodentia,Sciuridae,2.5477747053878224,2.255272505103306,PanTHERIA.2008
Paraxerus_palliatus,Rodentia,Sciuridae,2.590563208684984,2.490379920003179,PanTHERIA.2008
Pecari_tajacu,Cetartiodactyla,Tayassuidae,0.8987251815894935,4.327700104713321,PanTHERIA.2008
Perameles_bougainville,Peramelemorphia,Peramelidae,1.5314789170422551,2.3541084391474008,PanTHERIA.2008
Perameles_gunnii,Peramelemorphia,Peramelidae,2.5459994558001786,2.9395192526186187,PanTHERIA.2008
Perameles_nasuta,Peramelemorphia,Peramelidae,1.9541942518158624,2.989004615698537,PanTHERIA.2008
Perodicticus_potto,Primates,Lorisidae,0.927883410330707,3.041392685158225,PanTHERIA.2008
Perognathus_fasciatus,Rodentia,Heteromyidae,2.352973179005932,1.0644579892269184,PanTHERIA.2008
Perognathus_flavus,Rodentia,Heteromyidae,2.1760912590556813,0.8864907251724818,PanTHERIA.2008
Perognathus_inornatus,Rodentia,Heteromyidae,2.6989613183595207,1.0374264979406236,PanTHERIA.2008
Perognathus_longimembris,Rodentia,Heteromyidae,2.2405492482826,0.8808135922807914,PanTHERIA.2008
Perognathus_merriami,Rodentia,Heteromyidae,2.230448921378274,0.8388490907372553,PanTHERIA.2008
Perognathus_parvus,Rodentia,Heteromyidae,3.4374604079214177,1.3384564936046048,PanTHERIA.2008
Peromyscus_attwateri,Rodentia,Cricetidae,2.4720539914497044,1.4456042032735976,PanTHERIA.2008
Peromyscus_aztecus,Rodentia,Cricetidae,2.954237683918273,1.6020599913279623,PanTHERIA.2008
Peromyscus_boylii,Rodentia,Cricetidae,2.716904404472986,1.3304137733491908,PanTHERIA.2008
Peromyscus_californicus,Rodentia,Cricetidae,3.5690026691817436,1.6384892569546374,PanTHERIA.2008
Peromyscus_crinitus,Rodentia,Cricetidae,3.07848219345029,1.255272505103306,PanTHERIA.2008
Peromyscus_difficilis,Rodentia,Cricetidae,2.209756222258858,1.4471580313422192,PanTHERIA.2008
Peromyscus_eremicus,Rodentia,Cricetidae,2.6348902077449323,1.3747483460101038,PanTHERIA.2008
Peromyscus_gossypinus,Rodentia,Cricetidae,2.7103543422680505,1.4683473304121573,PanTHERIA.2008
Peromyscus_keeni,Rodentia,Cricetidae,3.009081035611538,1.3283796034387378,PanTHERIA.2008
Peromyscus_leucopus,Rodentia,Cricetidae,3.1597596356791766,1.3263358609287514,PanTHERIA.2008
Peromyscus_maniculatus,Rodentia,Cricetidae,2.8207726966498807,1.3283796034387378,PanTHERIA.2008
Peromyscus_melanotis,Rodentia,Cricetidae,3.3107230429772705,1.5976951859255124,PanTHERIA.2008
Peromyscus_perfulvus,Rodentia,Cricetidae,2.9243981837502475,1.6020599913279623,PanTHERIA.2008
Peromyscus_polionotus,Rodentia,Cricetidae,2.9489017609702137,1.1139433523068367,PanTHERIA.2008
Peromyscus_truei,Rodentia,Cricetidae,3.1521721091796784,1.437750562820388,PanTHERIA.2008
Petauroides_volans,Diprotodontia,Pseudocheiridae,1.8388490907372552,3.113943352306837,PanTHERIA.2008
Petaurus_australis,Diprotodontia,Petauridae,1.146128035678238,2.7596678446896306,PanTHERIA.2008
Petaurus_breviceps,Diprotodontia,Petauridae,2.6356244675962635,2.0265332645232967,PanTHERIA.2008
Petaurus_gracilis,Diprotodontia,Petauridae,1.0791812460476249,2.5477747053878224,PanTHERIA.2008
Petaurus_norfolcensis,Diprotodontia,Petauridae,2.0863598306747484,2.361727836017593,PanTHERIA.2008
Petrodromus_tetradactylus,Macroscelidea,Macroscelididae,2.2695362927559666,2.2730012720637376,PanTHERIA.2008
Petrogale_assimilis,Diprotodontia,Macropodidae,1.884455496070488,3.6532125137753435,PanTHERIA.2008
Petrogale_lateralis,Diprotodontia,Macropodidae,2.439332693830263,3.6651117370750512,PanTHERIA.2008
Petrogale_penicillata,Diprotodontia,Macropodidae,2.4771212547196626,3.8512583487190755,PanTHERIA.2008
Petrogale_persephone,Diprotodontia,Macropodidae,0.7774268223893114,3.792391689498254,PanTHERIA.2008
Petrogale_xanthopus,Diprotodontia,Macropodidae,1.1760912590556813,3.929418925714293,PanTHERIA.2008
Petropseudes_dahli,Diprotodontia,Pseudocheiridae,1.255272505103306,3.214843848047698,PanTHERIA.2008
Phacochoerus_aethiopicus,Cetartiodactyla,Suidae,0.8813846567705729,4.851260183762305,PanTHERIA.2008
Phaner_furcifer,Primates,Cheirogaleidae,2.699178415672612,2.6020599913279625,PanTHERIA.2008
Phascogale_tapoatafa,Dasyuromorphia,Dasyuridae,2.0453229787866576,2.28668096935493,PanTHERIA.2008
Phascolarctos_cinereus,Diprotodontia,Phascolarctidae,2.2122142474199413,4.010723865391773,PanTHERIA.2008
Murexia_naso,Dasyuromorphia,Dasyuridae,2.1760912590556813,1.6848453616444126,PanTHERIA.2008
Phenacomys_intermedius,Rodentia,Cricetidae,2.739706804620217,1.4014005407815442,PanTHERIA.2008
Philander_opossum,Didelphimorphia,Didelphidae,1.7691556907143988,2.767526899408382,PanTHERIA.2008
Philantomba_maxwellii,Cetartiodactyla,Bovidae,0.7759743311293691,4.079181246047625,PanTHERIA.2008
Philantomba_monticola,Cetartiodactyla,Bovidae,1.5560611590095326,3.7958800173440754,PanTHERIA.2008
Phoca_vitulina,Carnivora,Phocidae,0.7543483357110189,5,PanTHERIA.2008
Proechimys_guairae,Rodentia,Echimyidae,2.5907749808190976,2.6020599913279625,PanTHERIA.2008
Proechimys_guyannensis,Rodentia,Echimyidae,2.972623964601951,2.499687082618404,PanTHERIA.2008
Proechimys_longicaudatus,Rodentia,Echimyidae,2.4175215138042963,2.311753861055754,PanTHERIA.2008
Proechimys_semispinosus,Rodentia,Echimyidae,2.8776765119385685,2.45484486000851,PanTHERIA.2008
Proechimys_simonsi,Rodentia,Echimyidae,2.4844564419054294,2.45484486000851,PanTHERIA.2008
Propithecus_diadema,Primates,Indriidae,0.7520484478194386,3.720159303405957,PanTHERIA.2008
Propithecus_tattersalli,Primates,Indriidae,1.8129133566428555,3.5440680443502757,PanTHERIA.2008
Propithecus_verreauxi,Primates,Indriidae,2.1760912590556813,3.5118833609788744,PanTHERIA.2008
Rhynchocyon_chrysopygus,Macroscelidea,Macroscelididae,2.0824263008607717,2.7323937598229686,PanTHERIA.2008
Rhynchomys_isarogensis,Rodentia,Muridae,2.52156954755729,2.1335389083702174,PanTHERIA.2008
Romerolagus_diazi,Lagomorpha,Leporidae,1.4867137759824856,2.678245151927042,PanTHERIA.2008
Sorex_minutus,Eulipotyphla,Soricidae,2.9294138163373917,0.6532125137753437,PanTHERIA.2008
Sorex_monticolus,Eulipotyphla,Soricidae,3.0791812460476247,0.724275869600789,PanTHERIA.2008
Sorex_oreopolus,Eulipotyphla,Soricidae,2.594525139136006,0.8450980400142568,PanTHERIA.2008
Sorex_ornatus,Eulipotyphla,Soricidae,4.045322978786658,0.6989700043360189,PanTHERIA.2008
Phyllotis_darwini,Rodentia,Cricetidae,3.5590455578503475,1.7058637122839193,PanTHERIA.2008
Phyllotis_osilae,Rodentia,Cricetidae,2.584805974375504,1.6901960800285136,PanTHERIA.2008
Piliocolobus_badius,Primates,Cercopithecidae,2.1161094140633443,3.8893073062699237,PanTHERIA.2008
Pseudoryzomys_simplex,Rodentia,Cricetidae,3.1777701769395894,1.7101173651118162,PanTHERIA.2008
Piliocolobus_rufomitratus,Primates,Cercopithecidae,2.270539094260548,3.9030899869919438,PanTHERIA.2008
Piliocolobus_tephrosceles,Primates,Cercopithecidae,2.4771212547196626,3.9867717342662448,PanTHERIA.2008
Pithecia_albicans,Primates,Pitheciidae,0.9726655922661109,3.4471580313422194,PanTHERIA.2008
Pithecia_vanzolinii,Primates,Pitheciidae,1.0530784434834197,3.350441856535061,PanTHERIA.2008
Pithecia_milleri,Primates,Pitheciidae,0.9030899869919435,3.1868151244474543,PanTHERIA.2008
Pithecia_pithecia,Primates,Pitheciidae,0.6222140229662954,3.1384605947257023,PanTHERIA.2008
Planigale_gilesi,Dasyuromorphia,Dasyuridae,2.8692258508469712,0.9637878273455552,PanTHERIA.2008
Poiana_richardsonii,Carnivora,Viverridae,0,2.6989700043360187,PanTHERIA.2008
Pongo_pygmaeus,Primates,Hominidae,0.3010299956639812,4.7570162347313,PanTHERIA.2008
Potamochoerus_larvatus,Cetartiodactyla,Suidae,-0.3979400086720376,4.989004615698537,PanTHERIA.2008
Potamochoerus_porcus,Cetartiodactyla,Suidae,-0.638272163982407,4.8450999012723335,PanTHERIA.2008
Potorous_longipes,Diprotodontia,Potoroidae,1.6020599913279623,3.278753600952829,PanTHERIA.2008
Potorous_tridactylus,Diprotodontia,Potoroidae,1.3312247810207325,3.041392685158225,PanTHERIA.2008
Potos_flavus,Carnivora,Procyonidae,1.5341530741850626,3.4771212547196626,PanTHERIA.2008
Praomys_daltoni,Rodentia,Muridae,3.1760912590556813,1.5854607295085006,PanTHERIA.2008
Praomys_tullbergi,Rodentia,Muridae,3.2404319230072116,1.5538830266438743,PanTHERIA.2008
Presbytis_comata,Primates,Cercopithecidae,1.4095950193968156,3.7958800173440754,PanTHERIA.2008
Presbytis_hosei,Primates,Cercopithecidae,0.6454222693490919,3.8129133566428557,PanTHERIA.2008
Presbytis_melalophos,Primates,Cercopithecidae,1.7733475419808231,3.7993405494535817,PanTHERIA.2008
Presbytis_potenziani,Primates,Cercopithecidae,1.1702617153949575,3.8095597146352675,PanTHERIA.2008
Presbytis_rubicunda,Primates,Cercopithecidae,1.284881714655453,3.7993405494535817,PanTHERIA.2008
Presbytis_thomasi,Primates,Cercopithecidae,1.4313637641589874,3.8254261177678233,PanTHERIA.2008
Priodontes_maximus,Cingulata,CingulataFam,-0.4559319556497244,4.65667017355735,PanTHERIA.2008
Procavia_capensis,Hyracoidea,Procaviidae,3.4368795159121124,3.481442628502305,PanTHERIA.2008
Procolobus_verus,Primates,Cercopithecidae,1.2695129442179163,3.6020599913279625,PanTHERIA.2008
Procyon_cancrivorus,Carnivora,Procyonidae,0.7589118923979735,3.8419785557036916,PanTHERIA.2008
Procyon_lotor,Carnivora,Procyonidae,0.5171958979499743,3.816241299991783,PanTHERIA.2008
Proteles_cristata,Carnivora,Hyaenidae,-0.09151498112135022,4,PanTHERIA.2008
Psammomys_obesus,Rodentia,Muridae,1.8449118739121406,2.567731962548069,PanTHERIA.2008
Pseudocheirus_peregrinus,Diprotodontia,Pseudocheiridae,2.8161219354879052,2.9542425094393248,PanTHERIA.2008
Pseudochirops_archeri,Diprotodontia,Pseudocheiridae,2.1760912590556813,3.038023740045158,PanTHERIA.2008
Pseudochirulus_cinereus,Diprotodontia,Pseudocheiridae,2.164352855784437,3,PanTHERIA.2008
Pseudochirulus_herbertensis,Diprotodontia,Pseudocheiridae,2.954237683918273,3.0455185628844927,PanTHERIA.2008
Pseudois_nayaur,Cetartiodactyla,Bovidae,0.3961993470957364,4.653212513775344,PanTHERIA.2008
Pseudomys_higginsi,Rodentia,Muridae,2.716003343634799,1.8260748027008264,PanTHERIA.2008
Puma_concolor,Carnivora,Felidae,-1.6989700043360187,4.712649701627211,PanTHERIA.2008
Herpailurus_yagouaroundi,Carnivora,Felidae,-0.23657200643706275,3.896245047576059,PanTHERIA.2008
Pusa_caspica,Carnivora,Phocidae,0.1673173347481761,4.9344984512435675,PanTHERIA.2008
Pusa_hispida,Carnivora,Phocidae,-0.022276394711152253,4.958563883221967,PanTHERIA.2008
Rusa_unicolor,Cetartiodactyla,Cervidae,0.6893088591236202,5.256102661282283,PanTHERIA.2008
Rhipidomys_mastacalis,Rodentia,Cricetidae,2.005137595908864,1.8893017025063104,PanTHERIA.2008
Pusa_sibirica,Carnivora,Phocidae,0.19865708695442263,4.954242509439325,PanTHERIA.2008
Rucervus_duvaucelii,Cetartiodactyla,Cervidae,1.0507663112330423,5.155336037465061,PanTHERIA.2008
Saccostomus_campestris,Rodentia,Nesomyidae,1.3436055081041718,1.7092699609758308,PanTHERIA.2008
Saccostomus_mearnsi,Rodentia,Nesomyidae,3.557700846848392,1.6580113966571124,PanTHERIA.2008
Saguinus_fuscicollis,Primates,Callitrichidae,1.2898118391176214,2.5877109650189114,PanTHERIA.2008
Rangifer_tarandus,Cetartiodactyla,Cervidae,0.4065401804339551,4.934670115130671,PanTHERIA.2008
Raphicerus_campestris,Cetartiodactyla,Bovidae,0.10380372095595687,4.021189299069938,PanTHERIA.2008
Raphicerus_melanotis,Cetartiodactyla,Bovidae,1.021189299069938,4.010719628351769,PanTHERIA.2008
Raphicerus_sharpei,Cetartiodactyla,Bovidae,-0.2924298239020636,3.977719033743925,PanTHERIA.2008
Rattus_everetti,Rodentia,Muridae,2.185768733433613,2.406540180433955,PanTHERIA.2008
Rattus_exulans,Rodentia,Muridae,3.8545950703216794,1.6748611407378116,PanTHERIA.2008
Rattus_fuscipes,Rodentia,Muridae,3.0293066531257593,2.123851640967086,PanTHERIA.2008
Rattus_lutreolus,Rodentia,Muridae,2.7534528276193,2.0253058652647704,PanTHERIA.2008
Rattus_rattus,Rodentia,Muridae,3.421692750748088,2.2511513431753545,PanTHERIA.2008
Rattus_tiomanicus,Rodentia,Muridae,3.6912645471390393,2.113943352306837,PanTHERIA.2008
Rattus_villosissimus,Rodentia,Muridae,3.4723673109491373,2.1271047983648077,PanTHERIA.2008
Ratufa_affinis,Rodentia,Sciuridae,1.3622939379642311,3.0630705256429605,PanTHERIA.2008
Ratufa_bicolor,Rodentia,Sciuridae,0.9885589568786155,3.311753861055754,PanTHERIA.2008
Redunca_arundinum,Cetartiodactyla,Bovidae,-0.18708664335714442,4.763430239907896,PanTHERIA.2008
Redunca_fulvorufula,Cetartiodactyla,Bovidae,0.8904210188009143,4.469820543790983,PanTHERIA.2008
Redunca_redunca,Cetartiodactyla,Bovidae,0.012837224705172217,4.643949856380394,PanTHERIA.2008
Reithrodon_auritus,Rodentia,Cricetidae,1.7861122837198264,1.8506462351830666,PanTHERIA.2008
Reithrodontomys_chrysopsis,Rodentia,Cricetidae,2.580822374309177,1.2787536009528289,PanTHERIA.2008
Reithrodontomys_fulvescens,Rodentia,Cricetidae,2.8055688175485556,1.0569048513364727,PanTHERIA.2008
Reithrodontomys_humulis,Rodentia,Cricetidae,2.5145079073020398,0.919078092376074,PanTHERIA.2008
Reithrodontomys_megalotis,Rodentia,Cricetidae,3.0615994809831912,0.9731278535996987,PanTHERIA.2008
Reithrodontomys_montanus,Rodentia,Cricetidae,2.4779600801144865,1.0374264979406236,PanTHERIA.2008
Rhabdomys_pumilio,Rodentia,Muridae,3.2619405530798717,1.6138418218760693,PanTHERIA.2008
Rhinoceros_sondaicus,Perissodactyla,Rhinocerotidae,-1,6.243038048686294,PanTHERIA.2008
Rhinoceros_unicornis,Perissodactyla,Rhinocerotidae,0.5224442335063199,6.204752777062713,PanTHERIA.2008
Rhinopithecus_bieti,Primates,Cercopithecidae,0.3979400086720376,3.998259338423699,PanTHERIA.2008
Rhinopithecus_brelichi,Primates,Cercopithecidae,1.2284003587030048,4.060697840353612,PanTHERIA.2008
Rhinopithecus_roxellana,Primates,Cercopithecidae,0.6627578316815741,4.0836817472743014,PanTHERIA.2008
Rhinosciurus_laticaudatus,Rodentia,Sciuridae,0.9804578922761001,2.3585059114902354,PanTHERIA.2008
Saguinus_geoffroyi,Primates,Callitrichidae,0.7101173651118162,2.6870828446043706,PanTHERIA.2008
Saguinus_imperator,Primates,Callitrichidae,1.2645817292380774,2.6020599913279625,PanTHERIA.2008
Saguinus_labiatus,Primates,Callitrichidae,1.1486026548060935,2.7596678446896306,PanTHERIA.2008
Saguinus_leucopus,Primates,Callitrichidae,1.0240749873074262,2.6434526764861874,PanTHERIA.2008
Saguinus_midas,Primates,Callitrichidae,1.0406023401140732,2.7323937598229686,PanTHERIA.2008
Saguinus_mystax,Primates,Callitrichidae,1.4910814134231871,2.790988475088816,PanTHERIA.2008
Saguinus_nigricollis,Primates,Callitrichidae,1.1248301494138593,2.6646419755561257,PanTHERIA.2008
Saguinus_oedipus,Primates,Callitrichidae,1.6582022533870149,2.6334684555795866,PanTHERIA.2008
Saiga_tatarica,Cetartiodactyla,Bovidae,-0.12493873660829995,4.4623979978989565,PanTHERIA.2008
Saimiri_boliviensis,Primates,Cebidae,1.4578818967339924,2.788875115775417,PanTHERIA.2008
Urocitellus_armatus,Rodentia,Sciuridae,3.657439278455612,2.4955443375464483,PanTHERIA.2008
Otospermophilus_beecheyi,Rodentia,Sciuridae,3.041570314751791,2.7623033632877685,PanTHERIA.2008
Urocitellus_beldingi,Rodentia,Sciuridae,3.376328717848894,2.4479328655921804,PanTHERIA.2008
Sorex_unguiculatus,Eulipotyphla,Soricidae,3.490419233598754,0.9956351945975499,PanTHERIA.2008
Sorex_vagrans,Eulipotyphla,Soricidae,3.2453991441929873,0.7708520116421442,PanTHERIA.2008
Urocitellus_columbianus,Rodentia,Sciuridae,3.46157505431302,2.69284691927723,PanTHERIA.2008
Urocitellus_elegans,Rodentia,Sciuridae,3.4524718647831873,2.65667304588485,PanTHERIA.2008
Saimiri_oerstedii,Primates,Cebidae,2.1099158630237933,2.4448251995097476,PanTHERIA.2008
Saimiri_sciureus,Primates,Cebidae,1.5573868820595071,2.8711057009855856,PanTHERIA.2008
Sarcophilus_harrisii,Dasyuromorphia,Dasyuridae,0.7708520116421442,4.041392685158225,PanTHERIA.2008
Scalopus_aquaticus,Eulipotyphla,Talpidae,2.9777236052888476,1.9604707775342989,PanTHERIA.2008
Scapanus_latimanus,Eulipotyphla,Talpidae,3.6989691357461862,1.7403626894942439,PanTHERIA.2008
Scapanus_orarius,Eulipotyphla,Talpidae,3.6989691357461862,1.7867514221455612,PanTHERIA.2008
Sciurus_aberti,Rodentia,Sciuridae,2.0569048513364727,2.795184589682424,PanTHERIA.2008
Sciurus_aureogaster,Rodentia,Sciuridae,2.344667305256552,2.7745169657285498,PanTHERIA.2008
Sciurus_carolinensis,Rodentia,Sciuridae,2.838849090737255,2.704579449696299,PanTHERIA.2008
Sciurus_deppei,Rodentia,Sciuridae,1.9736357734174075,2.278753600952829,PanTHERIA.2008
Sciurus_granatensis,Rodentia,Sciuridae,1.8917604014566716,2.3979400086720375,PanTHERIA.2008
Sciurus_griseus,Rodentia,Sciuridae,2.3801931457311913,2.8639173769578603,PanTHERIA.2008
Sciurus_niger,Rodentia,Sciuridae,0.800717078282385,2.8818979735730115,PanTHERIA.2008
Sciurus_spadiceus,Rodentia,Sciuridae,1.8848519827459977,2.605628222007619,PanTHERIA.2008
Sciurus_vulgaris,Rodentia,Sciuridae,1.7759743311293692,2.5224442335063197,PanTHERIA.2008
Semnopithecus_entellus,Primates,Cercopithecidae,1.2375437381428744,4.161368002234975,PanTHERIA.2008
Setonix_brachyurus,Diprotodontia,Macropodidae,2.7634279935629373,3.5118833609788744,PanTHERIA.2008
Sigmodon_alstoni,Rodentia,Cricetidae,2.1973908411332976,1.745855195173729,PanTHERIA.2008
Sigmodon_fulviventer,Rodentia,Cricetidae,3.111672412474063,2.330413773349191,PanTHERIA.2008
Sigmodon_hispidus,Rodentia,Cricetidae,3.2430380486862944,1.9656719712201067,PanTHERIA.2008
Simias_concolor,Primates,Cercopithecidae,1.0374264979406236,3.9020028913507296,PanTHERIA.2008
Sminthopsis_crassicaudata,Dasyuromorphia,Dasyuridae,1.6988831367525903,1.1760912590556813,PanTHERIA.2008
Sminthopsis_leucopus,Dasyuromorphia,Dasyuridae,2.790981447613158,1.414973347970818,PanTHERIA.2008
Sminthopsis_murina,Dasyuromorphia,Dasyuridae,2.778144012081959,1.2304489213782739,PanTHERIA.2008
Sorex_araneus,Eulipotyphla,Soricidae,3.269281725938191,1,PanTHERIA.2008
Sorex_arcticus,Eulipotyphla,Soricidae,2.7013434408043113,0.9138138523837167,PanTHERIA.2008
Sorex_caecutiens,Eulipotyphla,Soricidae,3.2158753954612758,0.7323937598229685,PanTHERIA.2008
Sorex_cinereus,Eulipotyphla,Soricidae,3.0460930705102394,0.6720978579357175,PanTHERIA.2008
Sorex_coronatus,Eulipotyphla,Soricidae,3.128725513281679,0.9822712330395684,PanTHERIA.2008
Sorex_fumeus,Eulipotyphla,Soricidae,3.529372598600972,0.8864907251724818,PanTHERIA.2008
Sorex_hoyi,Eulipotyphla,Soricidae,1.7160033436347992,0.414973347970818,PanTHERIA.2008
Sorex_isodon,Eulipotyphla,Soricidae,2.754019431925001,0.9731278535996987,PanTHERIA.2008
Sorex_longirostris,Eulipotyphla,Soricidae,1.7861122837198264,0.5563025007672873,PanTHERIA.2008
Spalacopus_cyanus,Rodentia,Octodontidae,3.6532125137753435,2.1055101847699738,PanTHERIA.2008
Aepyceros_melampus,Cetartiodactyla,Bovidae,1.1258064581395268,4.720160130632753,PanTHERIA.2008
Aepyprymnus_rufescens,Diprotodontia,Potoroidae,1.6020599913279623,3.5118833609788744,PanTHERIA.2008
Poliocitellus_franklinii,Rodentia,Sciuridae,2.646286068440645,2.5599066250361124,PanTHERIA.2008
Spermophilus_fulvus,Rodentia,Sciuridae,2.626740596252816,2.7752462597402365,PanTHERIA.2008
Xerospermophilus_mohavensis,Rodentia,Sciuridae,2.479992562107072,2.278753600952829,PanTHERIA.2008
Urocitellus_mollis,Rodentia,Sciuridae,3.3383409319927435,2.218535505216528,PanTHERIA.2008
Spermophilus_pygmaeus,Rodentia,Sciuridae,3.0442299995523565,2.1335389083702174,PanTHERIA.2008
Spermophilus_relictus,Rodentia,Sciuridae,2.389059713506695,2.7781512503836434,PanTHERIA.2008
Urocitellus_richardsonii,Rodentia,Sciuridae,2.573672102480581,2.6085260335771943,PanTHERIA.2008
Xerospermophilus_spilosoma,Rodentia,Sciuridae,2.0952739880981817,1.9493900066449128,PanTHERIA.2008
Xerospermophilus_tereticaudus,Rodentia,Sciuridae,3.163167340519589,2.194514341882467,PanTHERIA.2008
Urocitellus_townsendii,Rodentia,Sciuridae,2.8803676401136933,2.3283796034387376,PanTHERIA.2008
Ictidomys_tridecemlineatus,Rodentia,Sciuridae,2.587273083237934,2.119585774961784,PanTHERIA.2008
Urocitellus_undulatus,Rodentia,Sciuridae,2.4658288153574364,2.9242792860618816,PanTHERIA.2008
Otospermophilus_variegatus,Rodentia,Sciuridae,2.1366888656722582,2.839854984601885,PanTHERIA.2008
Urocitellus_washingtoni,Rodentia,Sciuridae,4.267171728403014,2.3170181010481117,PanTHERIA.2008
Coendou_insidiosus,Rodentia,Erethizontidae,1.4199557484897578,3,PanTHERIA.2008
Aethomys_chrysophilus,Rodentia,Muridae,1.8207267628238342,1.8744818176994664,PanTHERIA.2008
Aethomys_hindei,Rodentia,Muridae,3.3407355297818393,2.0149403497929366,PanTHERIA.2008
Ailuropoda_melanoleuca,Carnivora,Ursidae,-0.744727494896694,5.035029282202368,PanTHERIA.2008
Spilogale_putorius,Carnivora,Mephitidae,0.6720978579357175,2.5327543789924976,PanTHERIA.2008
Steatomys_pratensis,Rodentia,Nesomyidae,1.4404367661057738,1.6812412373755872,PanTHERIA.2008
Stenella_coeruleoalba,Cetartiodactyla,Delphinidae,-0.6777807052660807,5.133219456732494,PanTHERIA.2008
Stochomys_longicaudatus,Rodentia,Muridae,1.9204364065507586,1.8512583487190752,PanTHERIA.2008
Suncus_megalura,Eulipotyphla,Soricidae,2.989894563718773,0.6720978579357175,PanTHERIA.2008
Tragelaphus_scriptus,Cetartiodactyla,Bovidae,0.18184358794477254,4.635990128378624,PanTHERIA.2008
Tragelaphus_spekii,Cetartiodactyla,Bovidae,0.22010808804005508,4.892090148365259,PanTHERIA.2008
Tragelaphus_strepsiceros,Cetartiodactyla,Bovidae,0.02530586526477026,5.3293999135224706,PanTHERIA.2008
Trichosurus_caninus,Diprotodontia,Phalangeridae,2,3.5440680443502757,PanTHERIA.2008
Trichosurus_vulpecula,Diprotodontia,Phalangeridae,2.093421685162235,3.423245873936808,PanTHERIA.2008
Tapirus_pinchaque,Perissodactyla,Tapiridae,-0.5686362358410126,5.173039924409372,PanTHERIA.2008
Tapirus_terrestris,Perissodactyla,Tapiridae,-0.07058107428570728,5.317019984730936,PanTHERIA.2008
Tarsipes_rostratus,Diprotodontia,Tarsipedidae,4.472756303090089,0.9542425094393249,PanTHERIA.2008
Tarsius_bancanus,Primates,Tarsiidae,1.7940695839816325,1.9745116927373283,PanTHERIA.2008
Tarsius_dentatus,Primates,Tarsiidae,2.110589710299249,2.0293837776852097,PanTHERIA.2008
Acomys_cahirinus,Rodentia,Muridae,3.374055120826243,1.7201593034059568,PanTHERIA.2008
Acomys_russatus,Rodentia,Muridae,3.5424606655602604,1.6972293427597176,PanTHERIA.2008
Acomys_spinosissimus,Rodentia,Muridae,2.3097791644804797,1.423245873936808,PanTHERIA.2008
Acomys_subspinosus,Rodentia,Muridae,3.5494790077352834,1.3222192947339193,PanTHERIA.2008
Acrobates_pygmaeus,Diprotodontia,Acrobatidae,2.954237683918273,1.0791812460476249,PanTHERIA.2008
Sundasciurus_hippurus,Rodentia,Sciuridae,2.248341156669196,2.6088468223264116,PanTHERIA.2008
Sundasciurus_tenuis,Rodentia,Sciuridae,2.1514311436611395,1.8680563618230415,PanTHERIA.2008
Sus_scrofa,Cetartiodactyla,Suidae,0.5490032620257879,5.004545343174781,PanTHERIA.2008
Sylvicapra_grimmia,Cetartiodactyla,Bovidae,0.38381536598043126,4.290030157037297,PanTHERIA.2008
Sylvilagus_aquaticus,Lagomorpha,Leporidae,1.9161379831071752,3.32956058217531,PanTHERIA.2008
Sylvilagus_audubonii,Lagomorpha,Leporidae,2.462397997898956,2.949194774237982,PanTHERIA.2008
Sylvilagus_bachmani,Lagomorpha,Leporidae,2.754348335711019,2.808413551400368,PanTHERIA.2008
Sylvilagus_brasiliensis,Lagomorpha,Leporidae,0.5490032620257879,2.9777236052888476,PanTHERIA.2008
Sylvilagus_floridanus,Lagomorpha,Leporidae,2.8330386841908126,3.0692239572970528,PanTHERIA.2008
Sylvilagus_nuttallii,Lagomorpha,Leporidae,1.9357591037453117,2.878004470268025,PanTHERIA.2008
Sylvisorex_granti,Eulipotyphla,Soricidae,2.607229775080599,0.6020599913279624,PanTHERIA.2008
Sylvisorex_lunaris,Eulipotyphla,Soricidae,2.924584219156628,1.2671717284030137,PanTHERIA.2008
Symphalangus_syndactylus,Primates,Hylobatidae,0.69810054562339,4,PanTHERIA.2008
Synaptomys_cooperi,Rodentia,Cricetidae,3.0587903145512603,1.503790683057181,PanTHERIA.2008
Syncerus_caffer,Cetartiodactyla,Bovidae,0.7664128471123994,5.763430015273923,PanTHERIA.2008
Tachyoryctes_macrocephalus,Rodentia,Spalacidae,3.799339860096714,2.775974331129369,PanTHERIA.2008
Tachyoryctes_splendens,Rodentia,Spalacidae,3.5296125555521236,2.263636068588108,PanTHERIA.2008
Talpa_caeca,Eulipotyphla,Talpidae,3.6989691357461862,1.9661417327390327,PanTHERIA.2008
Talpa_europaea,Eulipotyphla,Talpidae,2.9664374218115843,1.8864907251724818,PanTHERIA.2008
Talpa_romana,Eulipotyphla,Talpidae,3.0633521266742263,1.9661417327390327,PanTHERIA.2008
Talpa_stankovici,Eulipotyphla,Talpidae,3.6989691357461862,1.8573324964312685,PanTHERIA.2008
Tamandua_mexicana,Pilosa,Myrmecophagidae,0.6848453616444125,3.6242820958356683,PanTHERIA.2008
Tamandua_tetradactyla,Pilosa,Myrmecophagidae,0.725094521081469,3.7415533914914327,PanTHERIA.2008
Neotamias_amoenus,Rodentia,Sciuridae,2.184151775723396,1.7032913781186614,PanTHERIA.2008
Neotamias_cinereicollis,Rodentia,Sciuridae,2.6989613183595207,1.7902851640332418,PanTHERIA.2008
Neotamias_minimus,Rodentia,Sciuridae,2.3461768734215704,2.131297796597623,PanTHERIA.2008
Neotamias_quadrimaculatus,Rodentia,Sciuridae,1.7160033436347992,1.9304395947667001,PanTHERIA.2008
Neotamias_speciosus,Rodentia,Sciuridae,1.8835478792680438,1.792391689498254,PanTHERIA.2008
Neotamias_townsendii,Rodentia,Sciuridae,2.4149733479708178,1.8739015978644613,PanTHERIA.2008
Neotamias_umbrinus,Rodentia,Sciuridae,2.4043375853109272,1.7993405494535817,PanTHERIA.2008
Tamiasciurus_douglasii,Rodentia,Sciuridae,1.646207612206685,2.3521825181113627,PanTHERIA.2008
Tamiasciurus_hudsonicus,Rodentia,Sciuridae,2.2414219517119953,2.30362797638389,PanTHERIA.2008
Tapirus_bairdii,Perissodactyla,Tapiridae,-0.46852108295774486,5.477119951834262,PanTHERIA.2008
Tapirus_indicus,Perissodactyla,Tapiridae,-0.958607314841775,5.471658359018161,PanTHERIA.2008
Abrocoma_bennettii,Rodentia,Abrocomidae,2.157909866226345,2.3979400086720375,PanTHERIA.2008
Abrothrix_longipilis,Rodentia,Cricetidae,3.4436071565845157,1.575187844927661,PanTHERIA.2008
Abrothrix_olivaceus,Rodentia,Cricetidae,3.5067498459490474,1.4313637641589874,PanTHERIA.2008
Acinonyx_jubatus,Carnivora,Felidae,-2,4.669316880566112,PanTHERIA.2008
Akodon_azarae,Rodentia,Cricetidae,3.8853414275142746,1.3979400086720377,PanTHERIA.2008
Akodon_cursor,Rodentia,Cricetidae,2.646286068440645,1.6009728956867482,PanTHERIA.2008
Alcelaphus_buselaphus,Cetartiodactyla,Bovidae,0.5622928644564748,5.232999919976163,PanTHERIA.2008
Alces_alces,Cetartiodactyla,Cervidae,-0.3979400086720376,5.552665783083071,PanTHERIA.2008
Alouatta_belzebul,Primates,Atelidae,1.2304489213782739,3.806179973983887,PanTHERIA.2008
Alouatta_caraya,Primates,Atelidae,1.9030899869919435,3.7680828557231396,PanTHERIA.2008
Alouatta_guariba,Primates,Atelidae,1.9498289589353137,3.747349650382109,PanTHERIA.2008
Alouatta_palliata,Primates,Atelidae,1.7707783961691477,3.861832997657945,PanTHERIA.2008
Alouatta_pigra,Primates,Atelidae,0.930949031167523,3.845098040014257,PanTHERIA.2008
Alouatta_seniculus,Primates,Atelidae,1.6482624057480444,3.7885572230088234,PanTHERIA.2008
Amblysomus_hottentotus,Afrosoricida,Chrysochloridae,3,1.720985744153739,PanTHERIA.2008
Ammodorcas_clarkei,Cetartiodactyla,Bovidae,-0.1366771398795441,4.4479297690072945,PanTHERIA.2008
Ammospermophilus_harrisii,Rodentia,Sciuridae,1.3974185423513477,2.0863598306747484,PanTHERIA.2008
Ammospermophilus_leucurus,Rodentia,Sciuridae,1.1610683854711745,2.080987046910887,PanTHERIA.2008
Anomalurus_derbianus,Rodentia,Anomaluridae,1.7026889681591335,2.8129133566428557,PanTHERIA.2008
Anomalurus_pusillus,Rodentia,Anomaluridae,0.7937903846908186,2.3979400086720375,PanTHERIA.2008
Anourosorex_squamipes,Eulipotyphla,Soricidae,2.278753600952829,1.3010299956639813,PanTHERIA.2008
Antechinus_agilis,Dasyuromorphia,Dasyuridae,2.851869600729766,1.380211241711606,PanTHERIA.2008
Antechinus_bellus,Dasyuromorphia,Dasyuridae,2.2041199826559246,1.6483600109809315,PanTHERIA.2008
Antechinus_flavipes,Dasyuromorphia,Dasyuridae,2.838112053298584,1.6532125137753437,PanTHERIA.2008
Antechinus_godmani,Dasyuromorphia,Dasyuridae,0.724275869600789,1.8836614351536176,PanTHERIA.2008
Antechinus_leo,Dasyuromorphia,Dasyuridae,2.2095150145426308,1.8692317197309762,PanTHERIA.2008
Antechinus_minimus,Dasyuromorphia,Dasyuridae,3.146128035678238,1.7283537820212285,PanTHERIA.2008
Antechinus_stuartii,Dasyuromorphia,Dasyuridae,2.5169053911252566,1.4393326938302626,PanTHERIA.2008
Antechinus_swainsonii,Dasyuromorphia,Dasyuridae,2.988777386842966,1.724275869600789,PanTHERIA.2008
Antidorcas_marsupialis,Cetartiodactyla,Bovidae,1.028977705208778,4.498310553789601,PanTHERIA.2008
Antilocapra_americana,Cetartiodactyla,Antilocapridae,-0.08618614761628333,4.6635398014561265,PanTHERIA.2008
Antilope_cervicapra,Cetartiodactyla,Bovidae,0.6283889300503115,4.574031267727719,PanTHERIA.2008
Aonyx_capensis,Carnivora,Mustelidae,-0.4559319556497244,4.278749029407906,PanTHERIA.2008
Aotus_azarae,Primates,Aotidae,1.2024883170600935,2.9836262871245345,PanTHERIA.2008
Aotus_lemurinus,Primates,Aotidae,1.5493711523331772,2.9410142437055695,PanTHERIA.2008
Aotus_nancymaae,Primates,Aotidae,1.4496326504700745,2.8965262174895554,PanTHERIA.2008
Aotus_nigriceps,Primates,Aotidae,1.5797835966168101,3.0253058652647704,PanTHERIA.2008
Aotus_trivirgatus,Primates,Aotidae,1.3868555291847244,2.9542425094393248,PanTHERIA.2008
Aotus_vociferans,Primates,Aotidae,1.3712526291249394,2.9410142437055695,PanTHERIA.2008
Aplodontia_rufa,Rodentia,Aplodontiidae,2.891197247901719,3.0017337128090005,PanTHERIA.2008
Apodemus_agrarius,Rodentia,Muridae,3.0407407543649465,1.3673559210260189,PanTHERIA.2008
Apodemus_flavicollis,Rodentia,Muridae,3.247973266361807,1.591064607026499,PanTHERIA.2008
Apodemus_sylvaticus,Rodentia,Muridae,2.8920946026904804,1.4842998393467859,PanTHERIA.2008
Apomys_musculus,Rodentia,Muridae,3.0510868907667086,1.3263358609287514,PanTHERIA.2008
Archboldomys_luzonensis,Rodentia,Muridae,2.759811326987881,1.5490032620257879,PanTHERIA.2008
Arctocebus_calabarensis,Primates,Lorisidae,0.7923916894982539,2.322219294733919,PanTHERIA.2008
Arctocephalus_gazella,Carnivora,Otariidae,1.3424226808222062,4.989004615698537,PanTHERIA.2008
Arvicanthis_abyssinicus,Rodentia,Muridae,4.040743917603625,1.887054378050957,PanTHERIA.2008
Arvicanthis_niloticus,Rodentia,Muridae,3.863888858736826,2.028977705208778,PanTHERIA.2008
Arvicola_amphibius,Rodentia,Cricetidae,4.756391511050364,2.3521825181113627,PanTHERIA.2008
Tarsius_tarsier,Primates,Tarsiidae,2.3010299956639813,2.3010299956639813,PanTHERIA.2008
Taterillus_gracilis,Rodentia,Muridae,2.6699487980133614,1.6812412373755872,PanTHERIA.2008
Taterillus_pygargus,Rodentia,Muridae,3.4771212547196626,1.7795964912578246,PanTHERIA.2008
Tragelaphus_derbianus,Cetartiodactyla,Bovidae,-0.13076828026902382,5.832508912706237,PanTHERIA.2008
Tragelaphus_oryx,Cetartiodactyla,Bovidae,0.21484384804769785,5.755869979356196,PanTHERIA.2008
Taxidea_taxus,Carnivora,Mustelidae,0.287801729930226,3.8517229786885685,PanTHERIA.2008
Tayassu_pecari,Cetartiodactyla,Tayassuidae,0.2013971243204515,4.508310159603391,PanTHERIA.2008
Thallomys_paedulcus,Rodentia,Muridae,1.5314789170422551,1.9057958803678685,PanTHERIA.2008
Theropithecus_gelada,Primates,Cercopithecidae,1.7111320723068417,4.2317192889352135,PanTHERIA.2008
Thomomys_bottae,Rodentia,Geomyidae,3.720159303405957,2.0595634179012676,PanTHERIA.2008
Thomomys_mazama,Rodentia,Geomyidae,3.5537422827235137,1.8750612633917,PanTHERIA.2008
Thomomys_monticola,Rodentia,Geomyidae,3.449324093098727,1.9030899869919435,PanTHERIA.2008
Thomomys_talpoides,Rodentia,Geomyidae,3.3417727270558015,2.1142772965615864,PanTHERIA.2008
Thylamys_elegans,Didelphimorphia,Didelphidae,2.846961502706781,1.4608978427565478,PanTHERIA.2008
Thylamys_velutinus,Didelphimorphia,Didelphidae,1.7402837196818792,1.3159703454569178,PanTHERIA.2008
Thylogale_billardierii,Diprotodontia,Macropodidae,2.3979400086720375,3.7363965022766426,PanTHERIA.2008
Thylogale_stigmatica,Diprotodontia,Macropodidae,2.4964868292921505,3.662757831681574,PanTHERIA.2008
Thylogale_thetis,Diprotodontia,Macropodidae,2.5562904368641237,3.7323937598229686,PanTHERIA.2008
Tlacuatzin_canescens,Didelphimorphia,Didelphidae,2.4844564419054294,1.7781512503836436,PanTHERIA.2008
Tolypeutes_matacus,Cingulata,CingulataFam,0.8450980400142568,3.0791812460476247,PanTHERIA.2008
Trachypithecus_auratus,Primates,Cercopithecidae,1.6231458746379397,3.8512583487190755,PanTHERIA.2008
Trachypithecus_cristatus,Primates,Cercopithecidae,1.5638369186645449,3.720159303405957,PanTHERIA.2008
Trachypithecus_geei,Primates,Cercopithecidae,0.414973347970818,3.921686475483602,PanTHERIA.2008
Trachypithecus_johnii,Primates,Cercopithecidae,1.8512583487190752,4.076312687976857,PanTHERIA.2008
Trachypithecus_obscurus,Primates,Cercopithecidae,1.7558748556724915,3.845098040014257,PanTHERIA.2008
Trachypithecus_phayrei,Primates,Cercopithecidae,-0.2218487496163564,3.9242792860618816,PanTHERIA.2008
Trachypithecus_pileatus,Primates,Cercopithecidae,1.911104317804036,4.058805486675907,PanTHERIA.2008
Trachypithecus_vetulus,Primates,Cercopithecidae,2.1603184379840017,3.9459607035775686,PanTHERIA.2008
Tragelaphus_angasii,Cetartiodactyla,Bovidae,2.1035984939779375,4.937519897991845,PanTHERIA.2008
Tragelaphus_buxtoni,Cetartiodactyla,Bovidae,1.9057958803678685,5.332440075892066,PanTHERIA.2008
Tragelaphus_eurycerus,Cetartiodactyla,Bovidae,-0.3979400086720376,5.517199990067151,PanTHERIA.2008
Tragelaphus_imberbis,Cetartiodactyla,Bovidae,-0.4559319556497244,4.911559744385447,PanTHERIA.2008
Trinomys_iheringi,Rodentia,Echimyidae,2.559643336466725,2.3085644135612386,PanTHERIA.2008
Tupaia_glis,Scandentia,Tupaiidae,2.6088468223264116,2.229937685907934,PanTHERIA.2008
Tursiops_truncatus,Cetartiodactyla,Delphinidae,-0.6989700043360187,5.243038048686294,PanTHERIA.2008
Panthera_uncia,Carnivora,Felidae,-1.154901959985743,4.645097901234998,PanTHERIA.2008
Uranomys_ruddi,Rodentia,Muridae,2.2777237887624535,1.606381365110605,PanTHERIA.2008
Urocyon_cinereoargenteus,Carnivora,Canidae,0.3820170425748684,3.583618124858635,PanTHERIA.2008
Urocyon_littoralis,Carnivora,Canidae,0.8450980400142568,3.2778383330020473,PanTHERIA.2008
Urotrichus_talpoides,Eulipotyphla,Talpidae,3.6989691357461862,1.6532125137753437,PanTHERIA.2008
Ursus_americanus,Carnivora,Ursidae,-0.14266750356873156,4.999780191375884,PanTHERIA.2008
Ursus_arctos,Carnivora,Ursidae,-1.6989700043360187,5.256526287165858,PanTHERIA.2008
Ursus_maritimus,Carnivora,Ursidae,-2.1519092110173714,5.589670848897153,PanTHERIA.2008
Varecia_variegata,Primates,Lemuridae,1.444513206334043,3.525044807036845,PanTHERIA.2008
Vicugna_vicugna,Cetartiodactyla,Camelidae,0.4913616938342727,4.676689952392778,PanTHERIA.2008
Vombatus_ursinus,Diprotodontia,Vombatidae,1.4136349971985558,4.414973347970818,PanTHERIA.2008
Vulpes_cana,Carnivora,Canidae,0.09691001300805642,2.971693238949861,PanTHERIA.2008
Vulpes_lagopus,Carnivora,Canidae,-1,3.6873238044883125,PanTHERIA.2008
Vulpes_macrotis,Carnivora,Canidae,-0.721246399047171,3.311753861055754,PanTHERIA.2008
Vulpes_pallida,Carnivora,Canidae,0.7860412102425542,3.4471580313422194,PanTHERIA.2008
Vulpes_velox,Carnivora,Canidae,-0.38721614328026455,3.3419288837458097,PanTHERIA.2008
Vulpes_vulpes,Carnivora,Canidae,0.04139268515822508,3.7257646656888768,PanTHERIA.2008
Wallabia_bicolor,Diprotodontia,Macropodidae,1.505149978319906,4.176091259055681,PanTHERIA.2008
Wyulda_squamicaudata,Diprotodontia,Phalangeridae,2.537819095073274,3.224014811372864,PanTHERIA.2008
Xerus_rutilus,Rodentia,Sciuridae,2.90205186916954,2.5017437296279943,PanTHERIA.2008
Zaglossus_bruijnii,Monotremata,Tachyglossidae,0.2041199826559248,3.8920946026904804,PanTHERIA.2008
Zalophus_californianus,Carnivora,Otariidae,-0.3010299956639812,4.903089986991944,PanTHERIA.2008
Zapus_hudsonius,Rodentia,Dipodidae,2.94546858513182,1.2329961103921538,PanTHERIA.2008
Zapus_princeps,Rodentia,Dipodidae,2.4658288153574364,1.462397997898956,PanTHERIA.2008
Zelotomys_hildegardeae,Rodentia,Muridae,1.7861122837198264,1.7781512503836436,PanTHERIA.2008
Zygodontomys_brevicauda,Rodentia,Cricetidae,3.0125377534365607,1.717670503002262,PanTHERIA.2008
Zyzomys_argurus,Rodentia,Muridae,2.72876758516651,1.5563025007672873,PanTHERIA.2008
