Binomial.1.2,Order.1.2,Family.1.2,log10density,log10BM,dataset
Camelus_dromedarius,Cetartiodactyla,Camelidae,-0.00877392430750515,5.903089986991944,density
Canis_adustus,Carnivora,Canidae,-0.13076828026902382,4.010719628351769,density
Canis_aureus,Carnivora,Canidae,-0.6575773191777937,4.014738891140639,density
Canis_latrans,Carnivora,Canidae,-0.6020599913279624,4.127308933608117,density
Canis_lupus,Carnivora,Canidae,-2,4.507630573582486,density
Bos_gaurus,Cetartiodactyla,Bovidae,-0.26760624017703144,5.9164539485499255,density
Bos_javanicus,Cetartiodactyla,Bovidae,-0.12493873660829995,5.845098040014257,density
Callicebus_cupreus,Primates,Pitheciidae,0.6893088591236202,2.9614210940664485,density
Caluromys_derbianus,Didelphimorphia,Didelphidae,1.0740846890282438,2.4727564493172123,density
Caluromys_philander,Didelphimorphia,Didelphidae,1.794627444664508,2.3604040547299387,density
Caluromysiops_irrupta,Didelphimorphia,Didelphidae,0.9469432706978255,2.3979400086720375,density
Camelus_ferus,Cetartiodactyla,Camelidae,-1.2218487496163564,5.838849090737256,density
Boselaphus_tragocamelus,Cetartiodactyla,Bovidae,0.3783979009481377,5.227886704613674,density
Canis_mesomelas,Carnivora,Canidae,-0.13076828026902382,3.929418925714293,density
Canis_simensis,Carnivora,Canidae,0.07918124604762482,4,density
Capra_aegagrus,Cetartiodactyla,Bovidae,0.8796692056320535,4.525044807036846,density
Ateles_belzebuth,Primates,Atelidae,1.1300119496719043,3.6989700043360187,density
Ateles_chamek,Primates,Atelidae,0.5301996982030822,3.7781512503836434,density
Ateles_geoffroyi,Primates,Atelidae,1.2801228963023075,3.7230367740731385,density
Ateles_paniscus,Primates,Atelidae,0.9030899869919435,3.897632588654153,density
Callicebus_moloch,Primates,Pitheciidae,1.2655253352190738,2.9318137039591394,density
Callicebus_personatus,Primates,Pitheciidae,1.1149444157125847,3.130333768495006,density
Callicebus_torquatus,Primates,Pitheciidae,1.0086001717619175,3.0211892990699383,density
Callimico_goeldii,Primates,Callitrichidae,0.31806333496276157,2.681241237375587,density
Mico_argentatus,Primates,Callitrichidae,0.8762178405916422,2.6434526764861874,density
Callithrix_flaviceps,Primates,Callitrichidae,1.0737183503461227,2.534026106056135,density
Mico_humeralifer,Primates,Callitrichidae,1.4520932490177314,2.5440680443502757,density
Mico_intermedius,Primates,Callitrichidae,1.3003780648707026,2.6283889300503116,density
Callithrix_jacchus,Primates,Callitrichidae,2.7060175688990076,2.4653828514484184,density
Callithrix_kuhlii,Primates,Callitrichidae,1.7708520116421442,2.534026106056135,density
Cebuella_pygmaea,Primates,Callitrichidae,1.2013971243204515,1.845098040014257,density
Callosciurus_caniceps,Rodentia,Sciuridae,1.2695129442179163,2.4099331233312946,density
Callosciurus_erythraeus,Rodentia,Sciuridae,2.794271891287979,2.4471580313422194,density
Callosciurus_nigrovittatus,Rodentia,Sciuridae,0.7596678446896304,2.305351369446624,density
Callosciurus_notatus,Rodentia,Sciuridae,1.9926418698783976,2.295567099962479,density
Calomys_callosus,Rodentia,Calomyscidae,2.5493711523331775,1.6812412373755872,density
Calomys_expulsus,Rodentia,Calomyscidae,3.0776549172368504,1.4502491083193612,density
Calomys_musculinus,Rodentia,Calomyscidae,2.4036866231224563,1.3031960574204888,density
Calomyscus_bailwardi,Rodentia,Calomyscidae,2.5493711523331775,1.3096301674258988,density
Auliscomys_pictus,Rodentia,Cricetidae,2.3672627147842396,1.737987326333431,density
Avahi_laniger,Primates,Indriidae,1.9286518466536946,3.113943352306837,density
Avahi_occidentalis,Primates,Indriidae,1.8260099777911003,2.929418925714293,density
Axis_axis,Cetartiodactyla,Cervidae,0.8254261177678232,4.820679511533755,density
Axis_kuhlii,Cetartiodactyla,Cervidae,0.6473829701146199,4.740362689494244,density
Axis_porcinus,Cetartiodactyla,Cervidae,1.2174839442139063,4.533108293005996,density
Cephalophus_niger,Cetartiodactyla,Bovidae,0.05690485133647256,4.309630167425898,density
Cephalophus_nigrifrons,Cetartiodactyla,Bovidae,0.3010299956639812,4.143008551367672,density
Cephalophus_rufilatus,Cetartiodactyla,Bovidae,0.5024271199844327,4.079181246047625,density
Cephalophus_silvicultor,Cetartiodactyla,Bovidae,-0.3010299956639812,4.86033980364789,density
Ceratotherium_simum,Perissodactyla,Rhinocerotidae,-0.3279021420642826,6.469819999080462,density
Cercartetus_caudatus,Diprotodontia,Burramyidae,1.6988831367525903,1.3979400086720377,density
Cercartetus_nanus,Diprotodontia,Burramyidae,2.8968898144283988,1.380211241711606,density
Cercocebus_atys,Primates,Cercopithecidae,0.9469432706978255,3.8832865879962153,density
Cercocebus_galeritus,Primates,Cercopithecidae,1.8457799671118893,3.868232868422465,density
Cercocebus_torquatus,Primates,Cercopithecidae,1.6036855496146998,3.9103789111170113,density
Cercopithecus_ascanius,Primates,Cercopithecidae,2.0244446171313495,3.550228353055094,density
Cercopithecus_cephus,Primates,Cercopithecidae,1.3230457354817013,3.5422027824340283,density
Cercopithecus_diana,Primates,Cercopithecidae,1.2166935991697543,3.620656479819621,density
Allochrocebus_lhoesti,Primates,Cercopithecidae,0.69810054562339,3.730378468587643,density
Cercopithecus_mitis,Primates,Cercopithecidae,1.8475109652032482,3.6989700043360187,density
Cercopithecus_neglectus,Primates,Cercopithecidae,1.4628470358316736,3.738780558484369,density
Cercopithecus_nictitans,Primates,Cercopithecidae,1.3521825181113625,3.763675021878834,density
Cercopithecus_petaurista,Primates,Cercopithecidae,1.4141373621844766,3.443262987458695,density
Cercopithecus_denti,Primates,Cercopithecidae,1.2796669440484556,3.6074550232146687,density
Cerdocyon_thous,Carnivora,Canidae,0.5490032620257879,3.7193312869837265,density
Cervus_elaphus,Cetartiodactyla,Cervidae,0.4623979978989561,5.1180993120779945,density
Cervus_nippon,Cetartiodactyla,Cervidae,-0.12493873660829995,4.724275869600789,density
Chaetodipus_baileyi,Rodentia,Heteromyidae,3.550046033445052,1.421603926869831,density
Chaetodipus_fallax,Rodentia,Heteromyidae,2.7011360660925265,1.271841606536499,density
Chaetodipus_intermedius,Rodentia,Heteromyidae,2.6285626131087763,1.2174839442139063,density
Chaetodipus_nelsoni,Rodentia,Heteromyidae,2.675283293765738,1.1986570869544226,density
Chaetodipus_penicillatus,Rodentia,Heteromyidae,2.2380209986759487,1.2278867046136734,density
Cricetulus_migratorius,Rodentia,Cricetidae,2.345256072776664,1.5854607295085006,density
Crocidura_fuscomurina,Eulipotyphla,Soricidae,2.1320033929866318,0.5910646070264992,density
Crocidura_hildegardeae,Eulipotyphla,Soricidae,2.5406047327471906,0.9777236052888477,density
Crocidura_hirta,Eulipotyphla,Soricidae,1.644635503768153,1.1986570869544226,density
Crocidura_russula,Eulipotyphla,Soricidae,3.9469432706978256,1.0606978403536116,density
Crocidura_suaveolens,Eulipotyphla,Soricidae,3.7436398767956383,0.7160033436347992,density
Equus_zebra,Perissodactyla,Equidae,0.12057393120584989,5.457879929541988,density
Eremitalpa_granti,Afrosoricida,Chrysochloridae,1.570659670021534,1.416640507338281,density
Erethizon_dorsatum,Rodentia,Erethizontidae,0.5428254269591799,3.850358243515907,density
Erinaceus_europaeus,Eulipotyphla,Erinaceidae,2.089905111439398,2.8870543780509568,density
Erythrocebus_patas,Primates,Cercopithecidae,-0.585026652029182,3.9079485216122722,density
Equus_africanus,Perissodactyla,Equidae,0.48572142648158,5.511883360978874,density
Equus_quagga,Perissodactyla,Equidae,0.8450980400142568,5.440909082065217,density
Equus_grevyi,Perissodactyla,Equidae,0.35602585719312274,5.610659950200376,density
Equus_hemionus,Perissodactyla,Equidae,-0.16115090926274472,5.361727836017593,density
Genetta_genetta,Carnivora,Viverridae,0.2741578492636798,3.255272505103306,density
Dendrohyrax_arboreus,Hyracoidea,Procaviidae,1.3554515201265174,3.469822015978163,density
Dendrolagus_bennettianus,Diprotodontia,Macropodidae,1.4374334437979712,4.039414119176137,density
Bison_bison,Cetartiodactyla,Bovidae,-0.5528419686577808,5.762870016135253,density
Bison_bonasus,Cetartiodactyla,Bovidae,-0.05551732784983137,5.698970004336019,density
Blarina_brevicauda,Eulipotyphla,Soricidae,2.9651687630339536,1.4471580313422192,density
Blarina_carolinensis,Eulipotyphla,Soricidae,2.7993336558356656,1.130333768495006,density
Baiomys_taylori,Rodentia,Cricetidae,3.391815161765935,0.9030899869919435,density
Blastocerus_dichotomus,Cetartiodactyla,Cervidae,-0.9208187539523752,4.937849754736111,density
Brachylagus_idahoensis,Lagomorpha,Leporidae,2.9369458113395797,2.6245914591268478,density
Brachyteles_arachnoides,Primates,Atelidae,0.7395723444500919,4.130330551486929,density
Crocidura_olivieri,Eulipotyphla,Soricidae,1.859498558187776,1.7634279935629373,density
Cephalophus_jentinki,Cetartiodactyla,Bovidae,-1,4.8450999012723335,density
Cephalophus_natalensis,Cetartiodactyla,Bovidae,0.8401060944567578,4.079181246047625,density
Dendrolagus_lumholtzi,Diprotodontia,Macropodidae,2.06513137214021,3.829303772831025,density
Dendromus_mesomelas,Rodentia,Nesomyidae,3.243987494594441,1.0453229787866574,density
Dendromus_mystacalis,Rodentia,Nesomyidae,3.015506451739575,0.8864907251724818,density
Desmodillus_auricularis,Rodentia,Muridae,3.1023513671690215,1.7267272090265722,density
Dicerorhinus_sumatrensis,Perissodactyla,Rhinocerotidae,0.021189299069938092,6.102662456185154,density
Diceros_bicornis,Perissodactyla,Rhinocerotidae,-0.958607314841775,6.072070001400344,density
Dicrostonyx_groenlandicus,Rodentia,Cricetidae,2.7144722654394453,1.73559889969818,density
Didelphis_albiventris,Didelphimorphia,Didelphidae,2.6020599913279625,2.9561684304753633,density
Didelphis_aurita,Didelphimorphia,Didelphidae,1.655330558009341,3.06595298031387,density
Didelphis_marsupialis,Didelphimorphia,Didelphidae,1.8481891169913987,3.037904357312404,density
Didelphis_virginiana,Didelphimorphia,Didelphidae,1.2571984261393445,3.3415334414404065,density
Elephantulus_rufescens,Macroscelidea,Macroscelididae,2.3010299956639813,1.5740312677277188,density
Elephas_maximus,Proboscidea,Elephantidae,-0.27572413039921095,6.464644518498151,density
Eliomys_quercinus,Rodentia,Gliridae,2.1700562572508,2.060697840353612,density
Heterocephalus_glaber,Rodentia,Bathyergidae,4.045322978786658,1.7403626894942439,density
Heterohyrax_brucei,Hyracoidea,Procaviidae,3.7598166122725254,3.4191293077419758,density
Heteromys_anomalus,Rodentia,Heteromyidae,2.401521161385542,1.845098040014257,density
Heteromys_desmarestianus,Rodentia,Heteromyidae,2.817201652663046,1.8603380065709938,density
Lagostrophus_fasciatus,Diprotodontia,Macropodidae,1.9444333177002147,3.230448921378274,density
Lagothrix_lagotricha,Primates,Atelidae,1.0301947853567512,3.8317994115955805,density
Lama_guanicoe,Cetartiodactyla,Camelidae,-0.3467874862246563,5.079181246047625,density
Eudorcas_thomsonii,Cetartiodactyla,Bovidae,1.09795107099415,4.31174962401575,density
Eulemur_coronatus,Primates,Lemuridae,2.0085150076314546,3.2174839442139063,density
Eulemur_fulvus,Primates,Lemuridae,2.3443922736851106,3.3979400086720375,density
Eulemur_macaco,Primates,Lemuridae,1.7311857076340005,3.278753600952829,density
Eulemur_mongoz,Primates,Lemuridae,2.5399538416563967,3.130333768495006,density
Eulemur_rubriventer,Primates,Lemuridae,1.4771212547196624,3.3010299956639813,density
Galagoides_zanzibaricus,Primates,Galagidae,2.2278867046136734,2.002166061756508,density
Galemys_pyrenaicus,Eulipotyphla,Talpidae,0.6211762817750351,1.7795964912578246,density
Herpestes_pulverulentus,Carnivora,Herpestidae,1,2.9014583213961123,density
Herpestes_sanguineus,Carnivora,Herpestidae,0.12057393120584989,2.7403626894942437,density
Galidia_elegans,Carnivora,Eupleridae,1.2000292665537702,2.9030899869919438,density
Gazella_dorcas,Cetartiodactyla,Bovidae,0.36172783601759284,4.361729724250366,density
Gazella_gazella,Cetartiodactyla,Bovidae,-0.3979400086720376,4.356979492002202,density
Gazella_subgutturosa,Cetartiodactyla,Bovidae,-0.1938200260161128,4.45484486000851,density
Bassaricyon_gabbii,Carnivora,Procyonidae,0.7795964912578245,3.0969100130080562,density
Bassariscus_astutus,Carnivora,Procyonidae,0.5538830266438743,3.052886235256382,density
Bassariscus_sumichrasti,Carnivora,Procyonidae,1.252610340567373,2.9542425094393248,density
Bathyergus_suillus,Rodentia,Bathyergidae,1.845098040014257,2.7958800173440754,density
Batomys_granti,Rodentia,Muridae,2.5837200679321994,2.249931756634195,density
Beatragus_hunteri,Cetartiodactyla,Bovidae,-0.37675070960209955,4.903089986991944,density
Bettongia_gaimardi,Diprotodontia,Potoroidae,1.2787536009528289,3.220108088040055,density
Bettongia_lesueur,Diprotodontia,Potoroidae,1.2304489213782739,3.1760912590556813,density
Bettongia_penicillata,Diprotodontia,Potoroidae,1.2489536154957075,3.113943352306837,density
Bettongia_tropica,Diprotodontia,Potoroidae,1.3010299956639813,3.0791812460476247,density
Bradypus_tridactylus,Pilosa,Bradypodidae,2.1800398109271764,3.5854607295085006,density
Bradypus_variegatus,Pilosa,Bradypodidae,2.7062397100486146,3.636989101812229,density
Bubalus_arnee,Cetartiodactyla,Bovidae,0.02530586526477026,5.860338006570994,density
Hoolock_hoolock,Primates,Hylobatidae,0.8450980400142568,3.8129133566428557,density
Chelemys_macronyx,Rodentia,Cricetidae,2.420071324796761,1.865103974641128,density
Chinchilla_lanigera,Rodentia,Chinchillidae,2.9817914346116443,2.6201360549737576,density
Chiropotes_albinasus,Primates,Pitheciidae,0.8175653695597808,3.462397997898956,density
Chiropotes_satanas,Primates,Pitheciidae,1.1931245983544616,3.4771212547196626,density
Burramys_parvus,Diprotodontia,Burramyidae,3.787105383983776,1.6180480967120927,density
Cabassous_unicinctus,Cingulata,CingulataFam,-0.20760831050174613,3.681241237375587,density
Cacajao_calvus,Primates,Pitheciidae,1.1789769472931695,3.763128376799137,density
Capra_walie,Cetartiodactyla,Bovidae,0.60959440922522,5,density
Capreolus_capreolus,Cetartiodactyla,Cervidae,0.8813846567705729,4.352182518111363,density
Capreolus_pygargus,Cetartiodactyla,Cervidae,1.9030899869919435,4.640999895617493,density
Capricornis_crispus,Cetartiodactyla,Bovidae,0.2966651902615311,4.570075705321604,density
Castor_canadensis,Rodentia,Castoridae,-0.2218487496163564,4.3388547462523235,density
Catagonus_wagneri,Cetartiodactyla,Tayassuidae,0.9656719712201067,4.551039908501546,density
Cavia_aperea,Rodentia,Caviidae,3.256950942299387,2.739572344450092,density
Cebus_albifrons,Primates,Cebidae,1.2250506961380487,3.419790586106363,density
Sapajus_apella,Primates,Cebidae,1.3760291817281802,3.3979400086720375,density
Cebus_capucinus,Primates,Cebidae,1.4356851379416298,3.436639631692661,density
Cebus_brunneus,Primates,Cebidae,1.3942765267678214,3.3797948432769815,density
Cephalophus_adersi,Cetartiodactyla,Bovidae,0.5622928644564748,3.9661417327390325,density
Cheirogaleus_major,Primates,Cheirogaleidae,1.8324450411741109,2.6532125137753435,density
Cheirogaleus_medius,Primates,Cheirogaleidae,2.345256072776664,2.2576785748691846,density
Choloepus_didactylus,Pilosa,Megalonychidae,1.7275412570285564,3.7126497016272113,density
Choloepus_hoffmanni,Pilosa,Megalonychidae,2.0734250567459815,3.6766936096248664,density
Chrysochloris_asiatica,Afrosoricida,Chrysochloridae,3,1.6901960800285136,density
Chrysochloris_stuhlmanni,Afrosoricida,Chrysochloridae,3,1.5998830720736879,density
Chrysospalax_trevelyani,Afrosoricida,Chrysochloridae,3,2.629919035503542,density
Coendou_bicolor,Rodentia,Erethizontidae,0.7466341989375788,3.6074550232146687,density
Coendou_prehensilis,Rodentia,Erethizontidae,1.5525465479556604,3.6434526764861874,density
Colobus_guereza,Primates,Cercopithecidae,1.9965116721541787,4.217431299267857,density
Colobus_polykomos,Primates,Cercopithecidae,1.3710678622717363,3.9585447719331834,density
Colobus_satanas,Primates,Cercopithecidae,1.4243915544102774,4.078956802579085,density
Condylura_cristata,Eulipotyphla,Talpidae,3.6989691357461862,1.9242792860618816,density
Conepatus_semistriatus,Carnivora,Mephitidae,0.9786369483844743,3.0791812460476247,density
Connochaetes_gnou,Cetartiodactyla,Bovidae,1.539327063539375,5.255270092349482,density
Dasyprocta_leporina,Rodentia,Dasyproctidae,1.6962689967455329,3.4800069429571505,density
Dasyprocta_punctata,Rodentia,Dasyproctidae,1.2415464805965484,3.427323786357247,density
Dasypus_novemcinctus,Cingulata,CingulataFam,1.308991029000164,3.6236420458522685,density
Dasypus_sabanicola,Cingulata,CingulataFam,2.4471580313422194,3.060697840353612,density
Euoticus_elegantulus,Primates,Galagidae,1.2166935991697543,2.4771212547196626,density
Euphractus_sexcinctus,Cingulata,CingulataFam,0.24797326636180664,3.679691300817146,density
Connochaetes_taurinus,Cetartiodactyla,Bovidae,0.9025467793139914,5.255270092349482,density
Cratogeomys_castanops,Rodentia,Geomyidae,3.000768021734068,2.401055725771844,density
Crocuta_crocuta,Carnivora,Hyaenidae,-0.9208187539523752,4.7993398600967145,density
Cryptomys_hottentotus,Rodentia,Bathyergidae,2.9117327345572286,2.0086001717619175,density
Cryptoprocta_ferox,Carnivora,Eupleridae,-0.05551732784983137,3.9777236052888476,density
Cryptotis_goldmani,Eulipotyphla,Soricidae,2.06126394230025,0.9030899869919435,density
Cryptotis_meridensis,Eulipotyphla,Soricidae,2.019573202095639,1.0644579892269184,density
Cryptotis_parva,Eulipotyphla,Soricidae,2.693718157448391,0.6989700043360189,density
Ctenomys_opimus,Rodentia,Ctenomyidae,2.368974515652388,2.568788212315347,density
Ctenomys_peruanus,Rodentia,Ctenomyidae,3.5705709579769302,2.690196080028514,density
Ctenomys_talarum,Rodentia,Ctenomyidae,3.7149564353285576,2.121559844187501,density
Cuniculus_paca,Rodentia,Cuniculidae,1.68761812957177,3.9030899869919438,density
Cuon_alpinus,Carnivora,Canidae,-0.2596373105057561,4.1058506743851435,density
Cyclopes_didactylus,Pilosa,Cyclopedidae,1.510545010206612,2.517855418930029,density
Cynomys_gunnisoni,Rodentia,Sciuridae,2.825491029879431,2.9661417327390325,density
Cynomys_leucurus,Rodentia,Sciuridae,2.7375345348843054,2.958324931644053,density
Cynomys_ludovicianus,Rodentia,Sciuridae,3.2624510897304293,3.13481437032046,density
Cynomys_parvidens,Rodentia,Sciuridae,3.582630304077742,2.9542425094393248,density
Dactylopsila_trivirgata,Diprotodontia,Petauridae,0.6020599913279624,2.6164755138885654,density
Dama_dama,Cetartiodactyla,Cervidae,1.3422252293607904,4.7501225267834,density
Damaliscus_lunatus,Cetartiodactyla,Bovidae,0.437750562820388,5.133539866371694,density
Damaliscus_pygargus,Cetartiodactyla,Bovidae,1.39022836246913,5.008600171761918,density
Dasymys_incomtus,Rodentia,Muridae,3.2351242640194617,1.9552065375419418,density
Dasyurus_geoffroii,Dasyuromorphia,Dasyuridae,0.36172783601759284,3.041392685158225,density
Dasyurus_hallucatus,Dasyuromorphia,Dasyuridae,1.2105860249051565,2.720159303405957,density
Dasyurus_maculatus,Dasyuromorphia,Dasyuridae,0.5428254269591799,3.7403626894942437,density
Dasyurus_viverrinus,Dasyuromorphia,Dasyuridae,1.2787536009528289,3.037426497940624,density
Daubentonia_madagascariensis,Primates,Daubentoniidae,1.5997739391463883,3.3979400086720375,density
Delanymys_brooksi,Rodentia,Nesomyidae,2.9407554803427463,0.6989700043360189,density
Dipodomys_agilis,Rodentia,Heteromyidae,2.8375253094496014,1.7626785637274363,density
Dipodomys_deserti,Rodentia,Heteromyidae,2.205475036740891,2.019116290447073,density
Dipodomys_elator,Rodentia,Heteromyidae,3.108690152868758,1.8893017025063104,density
Dipodomys_heermanni,Rodentia,Heteromyidae,3.0645815209486944,1.8573324964312685,density
Dipodomys_ingens,Rodentia,Heteromyidae,3.5875257612206854,2.126780577012009,density
Dipodomys_merriami,Rodentia,Heteromyidae,2.5724184919871167,1.6232492903979006,density
Dipodomys_microps,Rodentia,Heteromyidae,3.0645927493630523,1.7371926427047373,density
Dipodomys_nelsoni,Rodentia,Heteromyidae,2.5724184919871167,1.9474337218870508,density
Dipodomys_ordii,Rodentia,Heteromyidae,2.4727564493172123,1.7810369386211318,density
Dipodomys_spectabilis,Rodentia,Heteromyidae,2.599566511001618,2.1332194567324945,density
Dipodomys_stephensi,Rodentia,Heteromyidae,3.5289154153808373,1.8438554226231612,density
Dromiciops_gliroides,Microbiotheria,Microbiotheriidae,1.6988831367525903,1.3483048630481607,density
Dymecodon_pilirostris,Eulipotyphla,Talpidae,3.6989691357461862,1.209515014542631,density
Echimys_chrysurus,Rodentia,Echimyidae,0.7923916894982539,2.8145805160103188,density
Pattonomys_semivillosus,Rodentia,Echimyidae,1.5493711523331772,2.3010299956639813,density
Eira_barbara,Carnivora,Mustelidae,0.24797326636180664,3.5921767573958667,density
Elephantulus_brachyrhynchus,Macroscelidea,Macroscelididae,1.5196967671598531,1.6766936096248666,density
Elephantulus_edwardii,Macroscelidea,Macroscelididae,3.1674384476125277,1.6812412373755872,density
Geocapromys_ingrahami,Rodentia,Echimyidae,3.4771212547196626,2.9030899869919438,density
Geomys_attwateri,Rodentia,Geomyidae,3.3064121593753977,2.0784568180532927,density
Geomys_breviceps,Rodentia,Geomyidae,1.7139942676606439,2.02201573981772,density
Geomys_bursarius,Rodentia,Geomyidae,3.0969100130080562,2.3811150807098507,density
Georychus_capensis,Rodentia,Bathyergidae,3.041392685158225,2.36679638328673,density
Geoxus_valdivianus,Rodentia,Cricetidae,1.6004283257321312,1.4983105537896004,density
Gerbilliscus_kempi,Rodentia,Muridae,2.8076567758102207,2.0043213737826426,density
Gerbilliscus_leucogaster,Rodentia,Muridae,2.218377933291753,1.8621313793130372,density
Gerbillurus_paeba,Rodentia,Muridae,2.9379189026477803,1.3673559210260189,density
Gerbillurus_tytonis,Rodentia,Muridae,3.230448921378274,1.4913616938342726,density
Eudorcas_rufifrons,Cetartiodactyla,Bovidae,0.1931245983544616,4.43136054715091,density
Gulo_gulo,Carnivora,Mustelidae,-2.101486314284163,4.230770691000255,density
Gymnobelideus_leadbeateri,Diprotodontia,Petauridae,2.412057146690156,2.103803720955957,density
Hapalemur_griseus,Primates,Lemuridae,1.792391689498254,2.9542425094393248,density
Heliophobius_argenteocinereus,Rodentia,Bathyergidae,3.7634279935629373,2.2576785748691846,density
Herpestes_javanicus,Carnivora,Herpestidae,1.5975855017522047,2.8750612633917,density
Felis_silvestris,Carnivora,Felidae,-0.44369749923271273,3.7403626894942437,density
Fossa_fossana,Carnivora,Eupleridae,0.5327543789924978,3.1760912590556813,density
Funisciurus_congicus,Rodentia,Sciuridae,3,2.0492180226701815,density
Sciurocheirus_alleni,Primates,Galagidae,1.2166935991697543,2.5217916496391233,density
Galagoides_demidoff,Primates,Galagidae,1.7601962294551339,1.7788744720027396,density
Galago_moholi,Primates,Galagidae,2.235629433882054,2.2041199826559246,density
Galago_senegalensis,Primates,Galagidae,1.953131225183445,2.3573630306151427,density
Giraffa_camelopardalis,Cetartiodactyla,Giraffidae,0.08990511143939793,5.954240000175069,density
Glaucomys_sabrinus,Rodentia,Sciuridae,1.934144811792477,2.220108088040055,density
Glaucomys_volans,Rodentia,Sciuridae,2.65088037501151,1.8055008581584002,density
Glis_glis,Rodentia,Gliridae,3.4771212547196626,2.0969100130080562,density
Gorilla_gorilla,Primates,Hominidae,-0.22914798835785583,5.082605872697899,density
Graphiurus_murinus,Rodentia,Gliridae,1.7356787259059046,1.4771212547196624,density
Grammomys_dolichurus,Rodentia,Muridae,2.3152984528736242,1.6148972160331345,density
Hemibelideus_lemuroides,Diprotodontia,Pseudocheiridae,2.845098040014257,2.978864984347657,density
Hippocamelus_antisensis,Cetartiodactyla,Cervidae,0.07918124604762482,4.8363203171961295,density
Hippocamelus_bisulcus,Cetartiodactyla,Cervidae,0.04921802267018165,4.8450999012723335,density
Hippopotamus_amphibius,Cetartiodactyla,Hippopotamidae,0.6866362692622934,6.151520003748268,density
Hippotragus_equinus,Cetartiodactyla,Bovidae,-0.017728766960431602,5.431360064597643,density
Hippotragus_niger,Cetartiodactyla,Bovidae,0.11394335230683679,5.356980064700362,density
Parahyaena_brunnea,Carnivora,Hyaenidae,-2,4.507859917898863,density
Hybomys_trivirgatus,Rodentia,Muridae,1.9063350418050906,1.7551122663950711,density
Hydrochoerus_hydrochaeris,Rodentia,Caviidae,2.098089690363952,4.7955296609911935,density
Hyemoschus_aquaticus,Cetartiodactyla,Tragulidae,1.2000292665537702,4.035429738184549,density
Hylobates_agilis,Primates,Hylobatidae,1.0692980121155293,3.7520484478194387,density
Hylobates_klossii,Primates,Hylobatidae,1.2206310194480923,3.7634279935629373,density
Hylobates_lar,Primates,Hylobatidae,0.8195439355418687,3.689486448364248,density
Lemmiscus_curtatus,Rodentia,Cricetidae,2.770793120262041,1.4517864355242902,density
Marmosa_murina,Didelphimorphia,Didelphidae,1.7466341989375787,1.414973347970818,density
Marmosa_robinsoni,Didelphimorphia,Didelphidae,2.276530734334789,1.7535830588929067,density
Marmosops_fuscatus,Didelphimorphia,Didelphidae,1.9472866446777983,1.7781512503836436,density
Hylobates_moloch,Primates,Hylobatidae,0.7909884750888159,3.8129133566428557,density
Hylobates_muelleri,Primates,Hylobatidae,1.0086001717619175,3.7781512503836434,density
Hylobates_pileatus,Primates,Hylobatidae,1.3747483460101038,3.73559889969818,density
Hylochoerus_meinertzhageni,Cetartiodactyla,Suidae,0.17609125905568124,5.275311354541811,density
Hylomys_suillus,Eulipotyphla,Erinaceidae,2.1949858434258807,1.8182258936139555,density
Hypogeomys_antimena,Rodentia,Nesomyidae,1.8016094880273188,3.0969100130080562,density
Hypsiprymnodon_moschatus,Diprotodontia,Hypsiprymnodontidae,2.3801931457311913,2.716003343634799,density
Hystrix_indica,Rodentia,Hystricidae,0.7084209001347127,4.094673728842782,density
Ichneumia_albicauda,Carnivora,Herpestidae,0.568201724066995,3.5440680443502757,density
Idiurus_macrotis,Rodentia,Anomaluridae,2.5731385996049783,1.4771212547196624,density
Indri_indri,Primates,Indriidae,1.0261245167454502,3.9030899869919438,density
Irenomys_tarsalis,Rodentia,Cricetidae,2.459196407798106,1.6354837468149122,density
Isoodon_auratus,Peramelemorphia,Peramelidae,2.2385478876813276,2.6283889300503116,density
Isoodon_macrourus,Peramelemorphia,Peramelidae,1.845098040014257,3.2041199826559246,density
Isoodon_obesulus,Peramelemorphia,Peramelidae,1.6020599913279623,2.88930170250631,density
Kobus_ellipsiprymnus,Cetartiodactyla,Bovidae,0.39093510710337914,5.3222199151541645,density
Kobus_kob,Cetartiodactyla,Bovidae,0.414973347970818,4.894870209986278,density
Kobus_leche,Cetartiodactyla,Bovidae,1.4913616938342726,5.044339813482533,density
Kobus_megaceros,Cetartiodactyla,Bovidae,-0.46852108295774486,4.9420100383639785,density
Kobus_vardonii,Cetartiodactyla,Bovidae,0.6794278966121189,4.854310293614356,density
Lagidium_viscacia,Rodentia,Chinchillidae,0.2041199826559248,3.187520720836463,density
Lagorchestes_conspicillatus,Diprotodontia,Macropodidae,1.6231458746379397,3.484299839346786,density
Lagorchestes_hirsutus,Diprotodontia,Macropodidae,1.2583978040955086,3.1020905255118367,density
Phataginus_tricuspis,Pholidota,Manidae,1.646207612206685,3.31527743947181,density
Meriones_persicus,Rodentia,Muridae,2.1233942481055306,2,density
Monodelphis_brevicaudata,Didelphimorphia,Didelphidae,1.6973165417323834,1.842609239610562,density
Monodelphis_dimidiata,Didelphimorphia,Didelphidae,2.3010299956639813,1.7634279935629373,density
Monodelphis_domestica,Didelphimorphia,Didelphidae,2.6020599913279625,1.8536982117761744,density
Meles_meles,Carnivora,Mustelidae,0.4014005407815441,4.113943352306837,density
Miopithecus_talapoin,Primates,Cercopithecidae,1.6239725120169963,3.175859573543703,density
Mirza_coquereli,Primates,Cheirogaleidae,2.0300732307125178,2.4885507165004443,density
Mogera_wogura,Eulipotyphla,Talpidae,3.6989691357461862,2.0472748673841794,density
Moschiola_meminna,Cetartiodactyla,Tragulidae,0.437750562820388,3.388278863459639,density
Mungos_mungo,Carnivora,Herpestidae,1.2299376859079338,3.2844307338445193,density
Mungotictis_decemlineata,Carnivora,Eupleridae,0.865103974641128,2.8129133566428557,density
Marmosops_noctivagus,Didelphimorphia,Didelphidae,1.1231980750319988,1.6532125137753437,density
Marmosops_parvidens,Didelphimorphia,Didelphidae,1.1583624920952498,1.1760912590556813,density
Marmota_flaviventris,Rodentia,Sciuridae,0.8388490907372553,3.525044807036845,density
Marmota_marmota,Rodentia,Sciuridae,2.766040860381389,3.303196057420489,density
Marmota_monax,Rodentia,Sciuridae,2.1357685145678222,3.5799778428068842,density
Lemmus_trimucronatus,Rodentia,Cricetidae,3.251570090479933,1.9057958803678685,density
Lemniscomys_griselda,Rodentia,Muridae,2.535028144032475,1.7634279935629373,density
Lasiorhinus_krefftii,Diprotodontia,Vombatidae,1.3422252293607904,4.497620649781288,density
Lasiorhinus_latifrons,Diprotodontia,Vombatidae,1.8324450411741109,4.4065401804339555,density
Lemniscomys_striatus,Rodentia,Muridae,2.8377399098926546,1.6190933306267428,density
Lemur_catta,Primates,Lemuridae,2.3324384599156054,3.462397997898956,density
Leontopithecus_chrysomelas,Primates,Callitrichidae,0.9425041061680807,2.845098040014257,density
Leontopithecus_rosalia,Primates,Callitrichidae,0.60959440922522,2.7287594751678745,density
Leopardus_pardalis,Carnivora,Felidae,-0.37675070960209955,4.075550610910658,density
Lepilemur_edwardsi,Primates,Lepilemuridae,1.851135995011574,2.943247125137862,density
Lepilemur_leucopus,Primates,Lepilemuridae,2.703282778142782,2.720159303405957,density
Lepilemur_microdon,Primates,Lepilemuridae,1.556905269055448,2.9542425094393248,density
Lepilemur_mustelinus,Primates,Lepilemuridae,2.40671045860979,3,density
Lepilemur_ruficaudatus,Primates,Lepilemuridae,2.4149733479708178,2.8750612633917,density
Lepilemur_septentrionalis,Primates,Lepilemuridae,2.188253327026504,2.8750612633917,density
Lepus_alleni,Lagomorpha,Leporidae,1.205745540942662,3.56643749219507,density
Lepus_americanus,Lagomorpha,Leporidae,2,3.2329961103921536,density
Lepus_brachyurus,Lagomorpha,Leporidae,1.6020599913279623,3.3710678622717363,density
Lepus_californicus,Lagomorpha,Leporidae,1.0791812460476249,3.384263785722803,density
Lepus_callotis,Lagomorpha,Leporidae,0.5899496013257077,3.3979400086720375,density
Lepus_capensis,Lagomorpha,Leporidae,1.1687920203141817,3.5134440136214473,density
Lepus_coreanus,Lagomorpha,Leporidae,1.6988831367525903,3.230448921378274,density
Lepus_victoriae,Lagomorpha,Leporidae,1.9777236052888478,3.2430380486862944,density
Lepus_nigricollis,Lagomorpha,Leporidae,1.9516288938366382,3.361444508086328,density
Lepus_othus,Lagomorpha,Leporidae,0.21484384804769785,3.6817837664678814,density
Lepus_townsendii,Lagomorpha,Leporidae,0.7134905430939426,3.1917303933628562,density
Heteromys_adspersus,Rodentia,Heteromyidae,2.8701755772792916,1.8129133566428555,density
Heteromys_pictus,Rodentia,Heteromyidae,3.5936127728599776,1.6020599913279623,density
Heteromys_salvini,Rodentia,Heteromyidae,2.7589270243462654,1.6232492903979006,density
Litocranius_walleri,Cetartiodactyla,Bovidae,-0.36653154442041347,4.579780167962629,density
Lontra_canadensis,Carnivora,Mustelidae,0.04921802267018165,3.9078089236963316,density
Lophocebus_albigena,Primates,Cercopithecidae,1.1720188094245565,3.8441539752118454,density
Lophuromys_flavopunctatus,Rodentia,Muridae,2.922169911546005,1.7781512503836436,density
Lophuromys_sikapusi,Rodentia,Muridae,2.3283796034387376,1.8698182079793282,density
Loris_tardigradus,Primates,Lorisidae,1.8590782247469695,2.3573630306151427,density
Loxodonta_africana,Proboscidea,Elephantidae,0.8273692730538252,6.595500002596104,density
Loxodontomys_micropus,Rodentia,Cricetidae,2.3572485769362874,1.861534410859038,density
Lutra_lutra,Carnivora,Mustelidae,-0.07058107428570728,3.94374670939432,density
Lutrogale_perspicillata,Carnivora,Mustelidae,0.6454222693490919,3.976959489490355,density
Lycalopex_culpaeus,Carnivora,Canidae,0.004321373782642578,3.992659538130954,density
Lycaon_pictus,Carnivora,Canidae,-2,4.343410563388878,density
Lynx_canadensis,Carnivora,Felidae,-1.3010299956639813,3.9718878838532903,density
Lynx_lynx,Carnivora,Felidae,-1.6989700043360187,4.254064452914338,density
Lynx_pardinus,Carnivora,Felidae,-0.494850021680094,3.9731278535996988,density
Lynx_rufus,Carnivora,Felidae,-1,3.9495900288203982,density
Macaca_fascicularis,Primates,Cercopithecidae,1.6988831367525903,3.60113613360707,density
Macaca_fuscata,Primates,Cercopithecidae,1.4798631130230977,4.017033339298781,density
Macaca_maura,Primates,Cercopithecidae,1.3010299956639813,3.863322860120456,density
Macaca_mulatta,Primates,Cercopithecidae,1.0453229787866574,3.569724949226159,density
Macaca_nemestrina,Primates,Cercopithecidae,1.276921132065774,3.799099207695827,density
Macaca_nigra,Primates,Cercopithecidae,1.745309059940828,3.806179973983887,density
Macaca_ochreata,Primates,Cercopithecidae,1.1760912590556813,3.4149733479708178,density
Macaca_radiata,Primates,Cercopithecidae,0.919078092376074,3.56702636615906,density
Macaca_silenus,Primates,Cercopithecidae,0.004321373782642578,3.6766936096248664,density
Macaca_sinica,Primates,Cercopithecidae,1.4771212547196624,3.5550944485783194,density
Macaca_sylvanus,Primates,Cercopithecidae,1.0969100130080565,4.086359830674748,density
Macaca_tonkeana,Primates,Cercopithecidae,1,3.9542425094393248,density
Macropus_agilis,Diprotodontia,Macropodidae,1.2482185611900747,4.176091259055681,density
Macropus_antilopinus,Diprotodontia,Macropodidae,1.326540668516562,4.435366506612661,density
Macropus_dorsalis,Diprotodontia,Macropodidae,2.041392685158225,4.0511525224473814,density
Macropus_eugenii,Diprotodontia,Macropodidae,1.86840930331496,3.8129133566428557,density
Macropus_fuliginosus,Diprotodontia,Macropodidae,1.7481880270062005,4.342422680822207,density
Macropus_giganteus,Diprotodontia,Macropodidae,1.6227319651647192,4.4128803584649745,density
Macropus_irma,Diprotodontia,Macropodidae,1.4265112613645752,3.9030899869919438,density
Macropus_parryi,Diprotodontia,Macropodidae,1.6051972673883779,4.1303337684950066,density
Macropus_robustus,Diprotodontia,Macropodidae,1.6020599913279623,4.327614326620625,density
Macropus_rufogriseus,Diprotodontia,Macropodidae,1.6671726724788685,4.226599905207357,density
Macropus_rufus,Diprotodontia,Macropodidae,0.49692964807321494,4.665111737075051,density
Macrotis_lagotis,Peramelemorphia,Thylacomyidae,0.9030899869919435,3.130333768495006,density
Madoqua_guentheri,Cetartiodactyla,Bovidae,1.1464381352857747,3.8750612633917,density
Madoqua_kirkii,Cetartiodactyla,Bovidae,1.2787536009528289,3.7242840637589936,density
Makalata_didelphoides,Rodentia,Echimyidae,2.1903597162653243,2.6020599913279625,density
Malacomys_edwardsi,Rodentia,Muridae,2.19041574703329,1.8129133566428555,density
Mandrillus_sphinx,Primates,Cercopithecidae,1.3304137733491908,4.261260489090183,density
Martes_americana,Carnivora,Mustelidae,-0.17392519729917355,3.0969100130080562,density
Martes_martes,Carnivora,Mustelidae,-0.3565473235138126,3.113943352306837,density
Martes_pennanti,Carnivora,Mustelidae,-0.769551078621726,3.6020599913279625,density
Martes_zibellina,Carnivora,Mustelidae,-1.154901959985743,3.0530784434834195,density
Mastomys_erythroleucus,Rodentia,Muridae,2.889822543442496,1.667452952889954,density
Mastomys_natalensis,Rodentia,Muridae,3.1156903745803546,1.561101383649056,density
Maxomys_whiteheadi,Rodentia,Muridae,1.646207612206685,1.7481880270062005,density
Mazama_americana,Cetartiodactyla,Cervidae,0.9684829485539351,4.3579291325617815,density
Mazama_gouazoubira,Cetartiodactyla,Cervidae,0.964259630196849,4.21219026877911,density
Melomys_cervinipes,Rodentia,Muridae,2.771447837533725,1.8920946026904804,density
Melursus_ursinus,Carnivora,Ursidae,-0.8860566476931632,4.969089602954922,density
Mephitis_mephitis,Carnivora,Mephitidae,0.9111576087399766,3.3191060593097763,density
Microtus_mexicanus,Rodentia,Cricetidae,3.1713373152851565,1.5440680443502757,density
Microtus_montanus,Rodentia,Cricetidae,3.499687082618404,1.5599066250361124,density
Microtus_ochrogaster,Rodentia,Cricetidae,3.9537881928830148,1.5797835966168101,density
Microtus_oeconomus,Rodentia,Cricetidae,3.6005340257032827,1.5365584425715302,density
Microtus_oregoni,Rodentia,Cricetidae,2.74170298395774,1.3096301674258988,density
Microtus_pennsylvanicus,Rodentia,Cricetidae,3.4044881954088586,1.5658478186735176,density
Microtus_pinetorum,Rodentia,Cricetidae,3.164352855784437,1.4199557484897578,density
Microtus_richardsoni,Rodentia,Cricetidae,2.792391689498254,1.9294189257142926,density
Microtus_townsendii,Rodentia,Cricetidae,4.5359133393794435,1.8115750058705933,density
Microtus_xanthognathus,Rodentia,Cricetidae,3,2.09968064110925,density
Muntiacus_muntjak,Cetartiodactyla,Cervidae,0.4941545940184428,4.202101257450654,density
Muntiacus_reevesi,Cetartiodactyla,Cervidae,-0.17392519729917355,4.1303337684950066,density
Murexia_melanurus,Dasyuromorphia,Dasyuridae,2.1760912590556813,1.6794278966121188,density
Necromys_urichi,Rodentia,Cricetidae,2.4837013823394596,1.5314789170422551,density
Nectomys_squamipes,Rodentia,Cricetidae,2.327522402716821,2.280350693046006,density
Metachirus_nudicaudatus,Didelphimorphia,Didelphidae,1.4080702858871854,2.574031267727719,density
Aethomys_namaquensis,Rodentia,Muridae,3.1395327715979393,1.7041505168397992,density
Marmosa_demerarae,Didelphimorphia,Didelphidae,1.4212747912103465,1.8796692056320534,density
Marmosa_paraguayanus,Didelphimorphia,Didelphidae,1.4888326343824005,1.8715729355458788,density
Microcavia_australis,Rodentia,Caviidae,3.3257188065526777,2.4565178578052627,density
Microcebus_murinus,Primates,Cheirogaleidae,2.663700925389648,1.7781512503836436,density
Microcebus_rufus,Primates,Cheirogaleidae,2.2247919564926817,1.6283889300503116,density
Microtus_agrestis,Rodentia,Cricetidae,3.2897449851551164,1.6283889300503116,density
Microtus_arvalis,Rodentia,Cricetidae,4.2455126678141495,1.4471580313422192,density
Microtus_californicus,Rodentia,Cricetidae,4.118172432840572,1.7589118923979734,density
Myrmecobius_fasciatus,Dasyuromorphia,Myrmecobiidae,0.724275869600789,2.6734816970733473,density
Myrmecophaga_tridactyla,Pilosa,Myrmecophagidae,0.04139268515822508,4.348950955170547,density
Nandinia_binotata,Carnivora,Nandiniidae,0.69810054562339,3.3010299956639813,density
Microtus_longicaudus,Rodentia,Cricetidae,3.0791812460476247,1.6693168805661123,density
Mus_bufo,Rodentia,Muridae,2.5271012090571183,1.0170333392987803,density
Mus_minutoides,Rodentia,Muridae,1.9642124729698192,0.8325089127062363,density
Mus_musculoides,Rodentia,Muridae,2.791795877259999,0.7481880270062004,density
Mus_musculus,Rodentia,Muridae,3.6973627500902255,1.2068258760318498,density
Mus_spicilegus,Rodentia,Muridae,2.9420030896284435,1.146128035678238,density
Mus_triton,Rodentia,Muridae,2.9106350753842056,1.08278537031645,density
Mustela_erminea,Carnivora,Mustelidae,0.7958800173440752,2.0770043267933502,density
Mustela_frenata,Carnivora,Mustelidae,-0.11918640771920865,2.167317334748176,density
Mustela_lutreola,Carnivora,Mustelidae,-1.154901959985743,2.6434526764861874,density
Mustela_nigripes,Carnivora,Mustelidae,0.3010299956639812,2.929418925714293,density
Mustela_nivalis,Carnivora,Mustelidae,1.110252917353403,2.1383026981662816,density
Mustela_putorius,Carnivora,Mustelidae,-0.08092190762392612,2.9616109080912807,density
Mylomys_dybowskii,Rodentia,Muridae,2.2237813963998136,2.0584260244570056,density
Myocastor_coypus,Rodentia,Echimyidae,2.3546077827892637,3.8412029961307326,density
Myodes_californicus,Rodentia,Cricetidae,2.6375097426219773,1.2624510897304295,density
Myodes_gapperi,Rodentia,Cricetidae,3.0742347986124665,1.2787536009528289,density
Myodes_glareolus,Rodentia,Cricetidae,3.5686768404768334,1.3263358609287514,density
Myodes_rutilus,Rodentia,Cricetidae,3.6100796515279208,1.4502491083193612,density
Myodes_smithii,Rodentia,Cricetidae,3.154146934541077,1.5440680443502757,density
Myomyscus_verreauxii,Rodentia,Muridae,3.6038196572149803,1.6127838567197355,density
Myoprocta_acouchy,Rodentia,Dasyproctidae,0.8813846567705729,2.7781512503836434,density
Myoprocta_pratti,Rodentia,Dasyproctidae,0.6711728427150833,2.958085848521085,density
Myosorex_varius,Eulipotyphla,Soricidae,3.2288185379253043,1.1205739312058498,density
Nanger_dama,Cetartiodactyla,Bovidae,-0.744727494896694,4.8633198854905295,density
Nanger_granti,Cetartiodactyla,Bovidae,0.5932860670204573,4.740360320608791,density
Nanger_soemmerringii,Cetartiodactyla,Bovidae,0.7379873263334308,4.6020599913279625,density
Napaeozapus_insignis,Rodentia,Dipodidae,2.824243019014837,1.3483048630481607,density
Nasalis_larvatus,Primates,Cercopithecidae,0.9537596917332288,3.9542425094393248,density
Nasua_narica,Carnivora,Procyonidae,0.7831886910752576,3.6053050461411096,density
Nasua_nasua,Carnivora,Procyonidae,1.1880843737149382,3.5790744321968617,density
Neacomys_guianae,Rodentia,Cricetidae,1.4385423487861106,1.1522883443830565,density
Neacomys_tenuipes,Rodentia,Cricetidae,2.436273990326048,1.2787536009528289,density
Necromys_amoenus,Rodentia,Cricetidae,3.252673453122354,1.462397997898956,density
Neofiber_alleni,Rodentia,Cricetidae,4.161838283126078,2.424881636631067,density
Neomys_fodiens,Eulipotyphla,Soricidae,2.505149978319906,1.1553360374650619,density
Neotoma_albigula,Rodentia,Cricetidae,2.7854081433487674,2.3138672203691533,density
Neotoma_bryanti,Rodentia,Cricetidae,2.3634615488265935,2.2600713879850747,density
Neotoma_floridana,Rodentia,Cricetidae,2.437718861336239,2.388633969351789,density
Neotoma_fuscipes,Rodentia,Cricetidae,3.230448921378274,2.3613500243522663,density
Neotoma_lepida,Rodentia,Cricetidae,2.8290334610476733,2.2143138974244,density
Neotoma_mexicana,Rodentia,Cricetidae,2.1226090235759902,2.307496037913213,density
Ochotona_alpina,Lagomorpha,Ochotonidae,2.909769914732769,2.419955748489758,density
Ochotona_collaris,Lagomorpha,Ochotonidae,2.865204686103311,2.110589710299249,density
Ochotona_curzoniae,Lagomorpha,Ochotonidae,4.278753600952829,2.210853365314893,density
Ochotona_dauurica,Lagomorpha,Ochotonidae,3.7396435344317123,2.113943352306837,density
Ochotona_hyperborea,Lagomorpha,Ochotonidae,3.528451319060219,2.1931245983544616,density
Ochotona_macrotis,Lagomorpha,Ochotonidae,3.0791812460476247,2.220108088040055,density
Ochotona_pallasii,Lagomorpha,Ochotonidae,4,2.330413773349191,density
Ochotona_princeps,Lagomorpha,Ochotonidae,2.889071885920329,2.1975562131535367,density
Ochotona_pusilla,Lagomorpha,Ochotonidae,3.5158725196411185,2.153814864344529,density
Ochotona_roylei,Lagomorpha,Ochotonidae,3.0691498898487786,2.4149733479708178,density
Pelea_capreolus,Cetartiodactyla,Bovidae,1.2720737875000099,4.301029995663981,density
Pelomys_fallax,Rodentia,Muridae,2.9926418698783976,2.113943352306837,density
Oecomys_concolor,Rodentia,Cricetidae,2.130591051963374,1.7895807121644254,density
Oenomys_hypoxanthus,Rodentia,Muridae,3.5726346496719668,1.954242509439325,density
Okapia_johnstoni,Cetartiodactyla,Giraffidae,0.00860017176191757,5.361729913073192,density
Oligoryzomys_eliurus,Rodentia,Cricetidae,2.9685109666489677,1.4771212547196624,density
Oligoryzomys_longicaudatus,Rodentia,Cricetidae,2.5576996443512146,1.4313637641589874,density
Oligoryzomys_nigripes,Rodentia,Cricetidae,3.3373733922839146,1.3117538610557542,density
Onychogalea_fraenata,Diprotodontia,Macropodidae,1.3010299956639813,3.7403626894942437,density
Aegialomys_galapagoensis,Rodentia,Cricetidae,3.359835482339888,2.062581984228163,density
Hylaeamys_laticeps,Rodentia,Cricetidae,2.248341156669196,1.8494194137968993,density
Euryoryzomys_macconnelli,Rodentia,Cricetidae,1.7166709755601355,1.7634279935629373,density
Hylaeamys_megacephalus,Rodentia,Cricetidae,2.505149978319906,1.761927838420529,density
Handleyomys_melanotis,Rodentia,Cricetidae,3.0102787503368265,1.6989700043360187,density
Oryzomys_palustris,Rodentia,Cricetidae,2.728256359248493,1.7315887651867388,density
Neotoma_micropus,Rodentia,Cricetidae,3.401557341035,2.3756636139608855,density
Neotomodon_alstoni,Rodentia,Cricetidae,3.5288421699776817,1.6020599913279623,density
Nesotragus_moschatus,Cetartiodactyla,Bovidae,1.2385478876813278,3.8129133566428557,density
Neurotrichus_gibbsii,Eulipotyphla,Talpidae,3.1502958128255383,0.9493900066449128,density
Niviventer_cremoriventer,Rodentia,Muridae,1.3785795761157749,1.8432327780980093,density
Nomascus_concolor,Primates,Hylobatidae,0.7902851640332417,3.8750612633917,density
Notiosorex_crawfordi,Eulipotyphla,Soricidae,3.380209432147495,0.6434526764861874,density
Nyctereutes_procyonoides,Carnivora,Canidae,1.0799044676667207,3.606381365110605,density
Nycticebus_coucang,Primates,Lorisidae,1.3010299956639813,2.904985881099363,density
Ochotona_rufescens,Lagomorpha,Ochotonidae,3.7781505265589037,2.3979400086720375,density
Ochotona_rutila,Lagomorpha,Ochotonidae,2.8613133243903017,2.4313637641589874,density
Ochrotomys_nuttalli,Rodentia,Cricetidae,2.4804812440617554,1.3502480183341627,density
Octodon_degus,Rodentia,Octodontidae,3.0667842089825386,2.322219294733919,density
Odocoileus_hemionus,Cetartiodactyla,Cervidae,1.2041199826559248,4.734100236252656,density
Odocoileus_virginianus,Cetartiodactyla,Cervidae,1.2385478876813278,4.744360273991164,density
Oecomys_bicolor,Rodentia,Cricetidae,1.6479694583629718,1.5314789170422551,density
Onychomys_torridus,Rodentia,Cricetidae,2.2001662463631075,1.3979400086720377,density
Oreonax_flavicauda,Primates,Atelidae,0.8102325179950841,3.832508912706236,density
Oreotragus_oreotragus,Cetartiodactyla,Bovidae,0.41830129131974547,4.113940011567204,density
Oryctolagus_cuniculus,Lagomorpha,Leporidae,2.553761698390004,3.2918792239146977,density
Oryx_beisa,Cetartiodactyla,Bovidae,0.13987908640123647,5.230448921378274,density
Oryx_gazella,Cetartiodactyla,Bovidae,0.9947569445876282,5.227890045327609,density
Oryzomys_couesi,Rodentia,Cricetidae,2.345158000269438,1.8407332346118068,density
Cerradomys_subflavus,Rodentia,Cricetidae,1.9472866446777983,1.9840770339028309,density
Osgoodomys_banderanus,Rodentia,Cricetidae,2.7025511570495233,1.6989700043360187,density
Otocyon_megalotis,Carnivora,Canidae,0.07188200730612536,3.6180480967120925,density
Otolemur_crassicaudatus,Primates,Galagidae,1.9444333177002147,3.1760912590556813,density
Otolemur_garnettii,Primates,Galagidae,1.5797835966168101,2.8808135922807914,density
Otomys_angoniensis,Rodentia,Muridae,3.4200779282282463,2.0860037056183818,density
Otomys_irroratus,Rodentia,Muridae,3.477705711176212,2.0718820073061255,density
Ourebia_ourebi,Cetartiodactyla,Bovidae,0.38560627359831223,4.236789099409293,density
Ovibos_moschatus,Cetartiodactyla,Bovidae,-0.5086383061657274,5.532118519253674,density
Ovis_ammon,Cetartiodactyla,Bovidae,-1.6989700043360187,5.2552725051033065,density
Ovis_canadensis,Cetartiodactyla,Bovidae,0.17026171539495738,4.873000140560429,density
Oxymycterus_roberti,Rodentia,Cricetidae,2.4258764348879325,1.9211660506377388,density
Oxymycterus_rufus,Rodentia,Cricetidae,2.739706804620217,1.877371345869774,density
Pan_paniscus,Primates,Hominidae,0.3010299956639812,4.531480194377088,density
Pan_troglodytes,Primates,Hominidae,0.21218760440395779,4.628388930050312,density
Panthera_leo,Carnivora,Felidae,-0.958607314841775,5.208170106443451,density
Panthera_onca,Carnivora,Felidae,-1.3010299956639813,5,density
Panthera_pardus,Carnivora,Felidae,-1.154901959985743,4.740360320608791,density
Panthera_tigris,Carnivora,Felidae,-1.5228787452803376,5.211024376852319,density
Phodopus_campbelli,Rodentia,Cricetidae,1.3010299956639813,1.3692158574101427,density
Phodopus_roborovskii,Rodentia,Cricetidae,2.439332693830263,1.2741578492636798,density
Phodopus_sungorus,Rodentia,Cricetidae,1.778078861937455,1.5289167002776547,density
Papio_anubis,Primates,Cercopithecidae,1.0334237554869496,4.452234310472037,density
Papio_cynocephalus,Primates,Cercopithecidae,0.7678976160180907,4.289678120899732,density
Papio_hamadryas,Primates,Cercopithecidae,0.3222192947339193,4.17528561982605,density
Papio_papio,Primates,Cercopithecidae,1.0441476208787228,4.190337301933905,density
Papio_ursinus,Primates,Cercopithecidae,0.4424797690644486,4.446212412109978,density
Parantechinus_apicalis,Dasyuromorphia,Dasyuridae,2.778144012081959,1.8375884382355112,density
Parascalops_breweri,Eulipotyphla,Talpidae,2.9542425094393248,1.7075701760979363,density
Paraxerus_cepapi,Rodentia,Sciuridae,2.5477747053878224,2.255272505103306,density
Paraxerus_palliatus,Rodentia,Sciuridae,2.590563208684984,2.490379920003179,density
Pecari_tajacu,Cetartiodactyla,Tayassuidae,0.8987251815894935,4.327700104713321,density
Perameles_bougainville,Peramelemorphia,Peramelidae,1.5314789170422551,2.3541084391474008,density
Perameles_gunnii,Peramelemorphia,Peramelidae,2.5459994558001786,2.9395192526186187,density
Perameles_nasuta,Peramelemorphia,Peramelidae,1.9541942518158624,2.989004615698537,density
Perodicticus_potto,Primates,Lorisidae,0.927883410330707,3.041392685158225,density
Perognathus_fasciatus,Rodentia,Heteromyidae,2.352973179005932,1.0644579892269184,density
Perognathus_flavus,Rodentia,Heteromyidae,2.1760912590556813,0.8864907251724818,density
Perognathus_inornatus,Rodentia,Heteromyidae,2.6989613183595207,1.0374264979406236,density
Perognathus_longimembris,Rodentia,Heteromyidae,2.2405492482826,0.8808135922807914,density
Perognathus_merriami,Rodentia,Heteromyidae,2.230448921378274,0.8388490907372553,density
Perognathus_parvus,Rodentia,Heteromyidae,3.4374604079214177,1.3384564936046048,density
Peromyscus_attwateri,Rodentia,Cricetidae,2.4720539914497044,1.4456042032735976,density
Peromyscus_aztecus,Rodentia,Cricetidae,2.954237683918273,1.6020599913279623,density
Peromyscus_boylii,Rodentia,Cricetidae,2.716904404472986,1.3304137733491908,density
Peromyscus_californicus,Rodentia,Cricetidae,3.5690026691817436,1.6384892569546374,density
Peromyscus_crinitus,Rodentia,Cricetidae,3.07848219345029,1.255272505103306,density
Peromyscus_difficilis,Rodentia,Cricetidae,2.209756222258858,1.4471580313422192,density
Peromyscus_eremicus,Rodentia,Cricetidae,2.6348902077449323,1.3747483460101038,density
Peromyscus_gossypinus,Rodentia,Cricetidae,2.7103543422680505,1.4683473304121573,density
Peromyscus_keeni,Rodentia,Cricetidae,3.009081035611538,1.3283796034387378,density
Peromyscus_leucopus,Rodentia,Cricetidae,3.1597596356791766,1.3263358609287514,density
Peromyscus_maniculatus,Rodentia,Cricetidae,2.8207726966498807,1.3283796034387378,density
Peromyscus_melanotis,Rodentia,Cricetidae,3.3107230429772705,1.5976951859255124,density
Peromyscus_perfulvus,Rodentia,Cricetidae,2.9243981837502475,1.6020599913279623,density
Peromyscus_polionotus,Rodentia,Cricetidae,2.9489017609702137,1.1139433523068367,density
Peromyscus_truei,Rodentia,Cricetidae,3.1521721091796784,1.437750562820388,density
Petauroides_volans,Diprotodontia,Pseudocheiridae,1.8388490907372552,3.113943352306837,density
Petaurus_australis,Diprotodontia,Petauridae,1.146128035678238,2.7596678446896306,density
Petaurus_breviceps,Diprotodontia,Petauridae,2.6356244675962635,2.0265332645232967,density
Petaurus_gracilis,Diprotodontia,Petauridae,1.0791812460476249,2.5477747053878224,density
Petaurus_norfolcensis,Diprotodontia,Petauridae,2.0863598306747484,2.361727836017593,density
Petrodromus_tetradactylus,Macroscelidea,Macroscelididae,2.2695362927559666,2.2730012720637376,density
Petrogale_assimilis,Diprotodontia,Macropodidae,1.884455496070488,3.6532125137753435,density
Petrogale_lateralis,Diprotodontia,Macropodidae,2.439332693830263,3.6651117370750512,density
Petrogale_penicillata,Diprotodontia,Macropodidae,2.4771212547196626,3.8512583487190755,density
Petrogale_persephone,Diprotodontia,Macropodidae,0.7774268223893114,3.792391689498254,density
Petrogale_xanthopus,Diprotodontia,Macropodidae,1.1760912590556813,3.929418925714293,density
Petropseudes_dahli,Diprotodontia,Pseudocheiridae,1.255272505103306,3.214843848047698,density
Phacochoerus_aethiopicus,Cetartiodactyla,Suidae,0.8813846567705729,4.851260183762305,density
Phaner_furcifer,Primates,Cheirogaleidae,2.699178415672612,2.6020599913279625,density
Phascogale_tapoatafa,Dasyuromorphia,Dasyuridae,2.0453229787866576,2.28668096935493,density
Phascolarctos_cinereus,Diprotodontia,Phascolarctidae,2.2122142474199413,4.010723865391773,density
Murexia_naso,Dasyuromorphia,Dasyuridae,2.1760912590556813,1.6848453616444126,density
Phenacomys_intermedius,Rodentia,Cricetidae,2.739706804620217,1.4014005407815442,density
Philander_opossum,Didelphimorphia,Didelphidae,1.7691556907143988,2.767526899408382,density
Philantomba_maxwellii,Cetartiodactyla,Bovidae,0.7759743311293691,4.079181246047625,density
Philantomba_monticola,Cetartiodactyla,Bovidae,1.5560611590095326,3.7958800173440754,density
Proechimys_guairae,Rodentia,Echimyidae,2.5907749808190976,2.6020599913279625,density
Proechimys_guyannensis,Rodentia,Echimyidae,2.972623964601951,2.499687082618404,density
Proechimys_longicaudatus,Rodentia,Echimyidae,2.4175215138042963,2.311753861055754,density
Proechimys_semispinosus,Rodentia,Echimyidae,2.8776765119385685,2.45484486000851,density
Proechimys_simonsi,Rodentia,Echimyidae,2.4844564419054294,2.45484486000851,density
Propithecus_diadema,Primates,Indriidae,0.7520484478194386,3.720159303405957,density
Propithecus_tattersalli,Primates,Indriidae,1.8129133566428555,3.5440680443502757,density
Propithecus_verreauxi,Primates,Indriidae,2.1760912590556813,3.5118833609788744,density
Rhynchocyon_chrysopygus,Macroscelidea,Macroscelididae,2.0824263008607717,2.7323937598229686,density
Rhynchomys_isarogensis,Rodentia,Muridae,2.52156954755729,2.1335389083702174,density
Romerolagus_diazi,Lagomorpha,Leporidae,1.4867137759824856,2.678245151927042,density
Sorex_minutus,Eulipotyphla,Soricidae,2.9294138163373917,0.6532125137753437,density
Sorex_monticolus,Eulipotyphla,Soricidae,3.0791812460476247,0.724275869600789,density
Sorex_oreopolus,Eulipotyphla,Soricidae,2.594525139136006,0.8450980400142568,density
Sorex_ornatus,Eulipotyphla,Soricidae,4.045322978786658,0.6989700043360189,density
Phyllotis_darwini,Rodentia,Cricetidae,3.5590455578503475,1.7058637122839193,density
Phyllotis_osilae,Rodentia,Cricetidae,2.584805974375504,1.6901960800285136,density
Piliocolobus_badius,Primates,Cercopithecidae,2.1161094140633443,3.8893073062699237,density
Pseudoryzomys_simplex,Rodentia,Cricetidae,3.1777701769395894,1.7101173651118162,density
Piliocolobus_rufomitratus,Primates,Cercopithecidae,2.270539094260548,3.9030899869919438,density
Piliocolobus_tephrosceles,Primates,Cercopithecidae,2.4771212547196626,3.9867717342662448,density
Pithecia_albicans,Primates,Pitheciidae,0.9726655922661109,3.4471580313422194,density
Pithecia_vanzolinii,Primates,Pitheciidae,1.0530784434834197,3.350441856535061,density
Pithecia_milleri,Primates,Pitheciidae,0.9030899869919435,3.1868151244474543,density
Pithecia_pithecia,Primates,Pitheciidae,0.6222140229662954,3.1384605947257023,density
Planigale_gilesi,Dasyuromorphia,Dasyuridae,2.8692258508469712,0.9637878273455552,density
Poiana_richardsonii,Carnivora,Viverridae,0,2.6989700043360187,density
Pongo_pygmaeus,Primates,Hominidae,0.3010299956639812,4.7570162347313,density
Potamochoerus_larvatus,Cetartiodactyla,Suidae,-0.3979400086720376,4.989004615698537,density
Potamochoerus_porcus,Cetartiodactyla,Suidae,-0.638272163982407,4.8450999012723335,density
Potorous_longipes,Diprotodontia,Potoroidae,1.6020599913279623,3.278753600952829,density
Potorous_tridactylus,Diprotodontia,Potoroidae,1.3312247810207325,3.041392685158225,density
Potos_flavus,Carnivora,Procyonidae,1.5341530741850626,3.4771212547196626,density
Praomys_daltoni,Rodentia,Muridae,3.1760912590556813,1.5854607295085006,density
Praomys_tullbergi,Rodentia,Muridae,3.2404319230072116,1.5538830266438743,density
Presbytis_comata,Primates,Cercopithecidae,1.4095950193968156,3.7958800173440754,density
Presbytis_hosei,Primates,Cercopithecidae,0.6454222693490919,3.8129133566428557,density
Presbytis_melalophos,Primates,Cercopithecidae,1.7733475419808231,3.7993405494535817,density
Presbytis_potenziani,Primates,Cercopithecidae,1.1702617153949575,3.8095597146352675,density
Presbytis_rubicunda,Primates,Cercopithecidae,1.284881714655453,3.7993405494535817,density
Presbytis_thomasi,Primates,Cercopithecidae,1.4313637641589874,3.8254261177678233,density
Priodontes_maximus,Cingulata,CingulataFam,-0.4559319556497244,4.65667017355735,density
Procavia_capensis,Hyracoidea,Procaviidae,3.4368795159121124,3.481442628502305,density
Procolobus_verus,Primates,Cercopithecidae,1.2695129442179163,3.6020599913279625,density
Procyon_cancrivorus,Carnivora,Procyonidae,0.7589118923979735,3.8419785557036916,density
Procyon_lotor,Carnivora,Procyonidae,0.5171958979499743,3.816241299991783,density
Proteles_cristata,Carnivora,Hyaenidae,-0.09151498112135022,4,density
Psammomys_obesus,Rodentia,Muridae,1.8449118739121406,2.567731962548069,density
Pseudocheirus_peregrinus,Diprotodontia,Pseudocheiridae,2.8161219354879052,2.9542425094393248,density
Pseudochirops_archeri,Diprotodontia,Pseudocheiridae,2.1760912590556813,3.038023740045158,density
Pseudochirulus_cinereus,Diprotodontia,Pseudocheiridae,2.164352855784437,3,density
Pseudochirulus_herbertensis,Diprotodontia,Pseudocheiridae,2.954237683918273,3.0455185628844927,density
Pseudois_nayaur,Cetartiodactyla,Bovidae,0.3961993470957364,4.653212513775344,density
Pseudomys_higginsi,Rodentia,Muridae,2.716003343634799,1.8260748027008264,density
Puma_concolor,Carnivora,Felidae,-1.6989700043360187,4.712649701627211,density
Herpailurus_yagouaroundi,Carnivora,Felidae,-0.23657200643706275,3.896245047576059,density
Rusa_unicolor,Cetartiodactyla,Cervidae,0.6893088591236202,5.256102661282283,density
Rhipidomys_mastacalis,Rodentia,Cricetidae,2.005137595908864,1.8893017025063104,density
Rucervus_duvaucelii,Cetartiodactyla,Cervidae,1.0507663112330423,5.155336037465061,density
Saccostomus_campestris,Rodentia,Nesomyidae,1.3436055081041718,1.7092699609758308,density
Saccostomus_mearnsi,Rodentia,Nesomyidae,3.557700846848392,1.6580113966571124,density
Saguinus_fuscicollis,Primates,Callitrichidae,1.2898118391176214,2.5877109650189114,density
Rangifer_tarandus,Cetartiodactyla,Cervidae,0.4065401804339551,4.934670115130671,density
Raphicerus_campestris,Cetartiodactyla,Bovidae,0.10380372095595687,4.021189299069938,density
Raphicerus_melanotis,Cetartiodactyla,Bovidae,1.021189299069938,4.010719628351769,density
Raphicerus_sharpei,Cetartiodactyla,Bovidae,-0.2924298239020636,3.977719033743925,density
Rattus_everetti,Rodentia,Muridae,2.185768733433613,2.406540180433955,density
Rattus_exulans,Rodentia,Muridae,3.8545950703216794,1.6748611407378116,density
Rattus_fuscipes,Rodentia,Muridae,3.0293066531257593,2.123851640967086,density
Rattus_lutreolus,Rodentia,Muridae,2.7534528276193,2.0253058652647704,density
Rattus_rattus,Rodentia,Muridae,3.421692750748088,2.2511513431753545,density
Rattus_tiomanicus,Rodentia,Muridae,3.6912645471390393,2.113943352306837,density
Rattus_villosissimus,Rodentia,Muridae,3.4723673109491373,2.1271047983648077,density
Ratufa_affinis,Rodentia,Sciuridae,1.3622939379642311,3.0630705256429605,density
Ratufa_bicolor,Rodentia,Sciuridae,0.9885589568786155,3.311753861055754,density
Redunca_arundinum,Cetartiodactyla,Bovidae,-0.18708664335714442,4.763430239907896,density
Redunca_fulvorufula,Cetartiodactyla,Bovidae,0.8904210188009143,4.469820543790983,density
Redunca_redunca,Cetartiodactyla,Bovidae,0.012837224705172217,4.643949856380394,density
Reithrodon_auritus,Rodentia,Cricetidae,1.7861122837198264,1.8506462351830666,density
Reithrodontomys_chrysopsis,Rodentia,Cricetidae,2.580822374309177,1.2787536009528289,density
Reithrodontomys_fulvescens,Rodentia,Cricetidae,2.8055688175485556,1.0569048513364727,density
Reithrodontomys_humulis,Rodentia,Cricetidae,2.5145079073020398,0.919078092376074,density
Reithrodontomys_megalotis,Rodentia,Cricetidae,3.0615994809831912,0.9731278535996987,density
Reithrodontomys_montanus,Rodentia,Cricetidae,2.4779600801144865,1.0374264979406236,density
Rhabdomys_pumilio,Rodentia,Muridae,3.2619405530798717,1.6138418218760693,density
Rhinoceros_sondaicus,Perissodactyla,Rhinocerotidae,-1,6.243038048686294,density
Rhinoceros_unicornis,Perissodactyla,Rhinocerotidae,0.5224442335063199,6.204752777062713,density
Rhinopithecus_bieti,Primates,Cercopithecidae,0.3979400086720376,3.998259338423699,density
Rhinopithecus_brelichi,Primates,Cercopithecidae,1.2284003587030048,4.060697840353612,density
Rhinopithecus_roxellana,Primates,Cercopithecidae,0.6627578316815741,4.0836817472743014,density
Rhinosciurus_laticaudatus,Rodentia,Sciuridae,0.9804578922761001,2.3585059114902354,density
Saguinus_geoffroyi,Primates,Callitrichidae,0.7101173651118162,2.6870828446043706,density
Saguinus_imperator,Primates,Callitrichidae,1.2645817292380774,2.6020599913279625,density
Saguinus_labiatus,Primates,Callitrichidae,1.1486026548060935,2.7596678446896306,density
Saguinus_leucopus,Primates,Callitrichidae,1.0240749873074262,2.6434526764861874,density
Saguinus_midas,Primates,Callitrichidae,1.0406023401140732,2.7323937598229686,density
Saguinus_mystax,Primates,Callitrichidae,1.4910814134231871,2.790988475088816,density
Saguinus_nigricollis,Primates,Callitrichidae,1.1248301494138593,2.6646419755561257,density
Saguinus_oedipus,Primates,Callitrichidae,1.6582022533870149,2.6334684555795866,density
Saiga_tatarica,Cetartiodactyla,Bovidae,-0.12493873660829995,4.4623979978989565,density
Saimiri_boliviensis,Primates,Cebidae,1.4578818967339924,2.788875115775417,density
Urocitellus_armatus,Rodentia,Sciuridae,3.657439278455612,2.4955443375464483,density
Otospermophilus_beecheyi,Rodentia,Sciuridae,3.041570314751791,2.7623033632877685,density
Urocitellus_beldingi,Rodentia,Sciuridae,3.376328717848894,2.4479328655921804,density
Sorex_unguiculatus,Eulipotyphla,Soricidae,3.490419233598754,0.9956351945975499,density
Sorex_vagrans,Eulipotyphla,Soricidae,3.2453991441929873,0.7708520116421442,density
Urocitellus_columbianus,Rodentia,Sciuridae,3.46157505431302,2.69284691927723,density
Urocitellus_elegans,Rodentia,Sciuridae,3.4524718647831873,2.65667304588485,density
Saimiri_oerstedii,Primates,Cebidae,2.1099158630237933,2.4448251995097476,density
Saimiri_sciureus,Primates,Cebidae,1.5573868820595071,2.8711057009855856,density
Sarcophilus_harrisii,Dasyuromorphia,Dasyuridae,0.7708520116421442,4.041392685158225,density
Scalopus_aquaticus,Eulipotyphla,Talpidae,2.9777236052888476,1.9604707775342989,density
Scapanus_latimanus,Eulipotyphla,Talpidae,3.6989691357461862,1.7403626894942439,density
Scapanus_orarius,Eulipotyphla,Talpidae,3.6989691357461862,1.7867514221455612,density
Sciurus_aberti,Rodentia,Sciuridae,2.0569048513364727,2.795184589682424,density
Sciurus_aureogaster,Rodentia,Sciuridae,2.344667305256552,2.7745169657285498,density
Sciurus_carolinensis,Rodentia,Sciuridae,2.838849090737255,2.704579449696299,density
Sciurus_deppei,Rodentia,Sciuridae,1.9736357734174075,2.278753600952829,density
Sciurus_granatensis,Rodentia,Sciuridae,1.8917604014566716,2.3979400086720375,density
Sciurus_griseus,Rodentia,Sciuridae,2.3801931457311913,2.8639173769578603,density
Sciurus_niger,Rodentia,Sciuridae,0.800717078282385,2.8818979735730115,density
Sciurus_spadiceus,Rodentia,Sciuridae,1.8848519827459977,2.605628222007619,density
Sciurus_vulgaris,Rodentia,Sciuridae,1.7759743311293692,2.5224442335063197,density
Semnopithecus_entellus,Primates,Cercopithecidae,1.2375437381428744,4.161368002234975,density
Setonix_brachyurus,Diprotodontia,Macropodidae,2.7634279935629373,3.5118833609788744,density
Sigmodon_alstoni,Rodentia,Cricetidae,2.1973908411332976,1.745855195173729,density
Sigmodon_fulviventer,Rodentia,Cricetidae,3.111672412474063,2.330413773349191,density
Sigmodon_hispidus,Rodentia,Cricetidae,3.2430380486862944,1.9656719712201067,density
Simias_concolor,Primates,Cercopithecidae,1.0374264979406236,3.9020028913507296,density
Sminthopsis_crassicaudata,Dasyuromorphia,Dasyuridae,1.6988831367525903,1.1760912590556813,density
Sminthopsis_leucopus,Dasyuromorphia,Dasyuridae,2.790981447613158,1.414973347970818,density
Sminthopsis_murina,Dasyuromorphia,Dasyuridae,2.778144012081959,1.2304489213782739,density
Sorex_araneus,Eulipotyphla,Soricidae,3.269281725938191,1,density
Sorex_arcticus,Eulipotyphla,Soricidae,2.7013434408043113,0.9138138523837167,density
Sorex_caecutiens,Eulipotyphla,Soricidae,3.2158753954612758,0.7323937598229685,density
Sorex_cinereus,Eulipotyphla,Soricidae,3.0460930705102394,0.6720978579357175,density
Sorex_coronatus,Eulipotyphla,Soricidae,3.128725513281679,0.9822712330395684,density
Sorex_fumeus,Eulipotyphla,Soricidae,3.529372598600972,0.8864907251724818,density
Sorex_hoyi,Eulipotyphla,Soricidae,1.7160033436347992,0.414973347970818,density
Sorex_isodon,Eulipotyphla,Soricidae,2.754019431925001,0.9731278535996987,density
Sorex_longirostris,Eulipotyphla,Soricidae,1.7861122837198264,0.5563025007672873,density
Spalacopus_cyanus,Rodentia,Octodontidae,3.6532125137753435,2.1055101847699738,density
Aepyceros_melampus,Cetartiodactyla,Bovidae,1.1258064581395268,4.720160130632753,density
Aepyprymnus_rufescens,Diprotodontia,Potoroidae,1.6020599913279623,3.5118833609788744,density
Poliocitellus_franklinii,Rodentia,Sciuridae,2.646286068440645,2.5599066250361124,density
Spermophilus_fulvus,Rodentia,Sciuridae,2.626740596252816,2.7752462597402365,density
Xerospermophilus_mohavensis,Rodentia,Sciuridae,2.479992562107072,2.278753600952829,density
Urocitellus_mollis,Rodentia,Sciuridae,3.3383409319927435,2.218535505216528,density
Spermophilus_pygmaeus,Rodentia,Sciuridae,3.0442299995523565,2.1335389083702174,density
Spermophilus_relictus,Rodentia,Sciuridae,2.389059713506695,2.7781512503836434,density
Urocitellus_richardsonii,Rodentia,Sciuridae,2.573672102480581,2.6085260335771943,density
Xerospermophilus_spilosoma,Rodentia,Sciuridae,2.0952739880981817,1.9493900066449128,density
Xerospermophilus_tereticaudus,Rodentia,Sciuridae,3.163167340519589,2.194514341882467,density
Urocitellus_townsendii,Rodentia,Sciuridae,2.8803676401136933,2.3283796034387376,density
Ictidomys_tridecemlineatus,Rodentia,Sciuridae,2.587273083237934,2.119585774961784,density
Urocitellus_undulatus,Rodentia,Sciuridae,2.4658288153574364,2.9242792860618816,density
Otospermophilus_variegatus,Rodentia,Sciuridae,2.1366888656722582,2.839854984601885,density
Urocitellus_washingtoni,Rodentia,Sciuridae,4.267171728403014,2.3170181010481117,density
Coendou_insidiosus,Rodentia,Erethizontidae,1.4199557484897578,3,density
Aethomys_chrysophilus,Rodentia,Muridae,1.8207267628238342,1.8744818176994664,density
Aethomys_hindei,Rodentia,Muridae,3.3407355297818393,2.0149403497929366,density
Ailuropoda_melanoleuca,Carnivora,Ursidae,-0.744727494896694,5.035029282202368,density
Spilogale_putorius,Carnivora,Mephitidae,0.6720978579357175,2.5327543789924976,density
Steatomys_pratensis,Rodentia,Nesomyidae,1.4404367661057738,1.6812412373755872,density
Stochomys_longicaudatus,Rodentia,Muridae,1.9204364065507586,1.8512583487190752,density
Suncus_megalura,Eulipotyphla,Soricidae,2.989894563718773,0.6720978579357175,density
Tragelaphus_scriptus,Cetartiodactyla,Bovidae,0.18184358794477254,4.635990128378624,density
Tragelaphus_spekii,Cetartiodactyla,Bovidae,0.22010808804005508,4.892090148365259,density
Tragelaphus_strepsiceros,Cetartiodactyla,Bovidae,0.02530586526477026,5.3293999135224706,density
Trichosurus_caninus,Diprotodontia,Phalangeridae,2,3.5440680443502757,density
Trichosurus_vulpecula,Diprotodontia,Phalangeridae,2.093421685162235,3.423245873936808,density
Tapirus_pinchaque,Perissodactyla,Tapiridae,-0.5686362358410126,5.173039924409372,density
Tapirus_terrestris,Perissodactyla,Tapiridae,-0.07058107428570728,5.317019984730936,density
Tarsipes_rostratus,Diprotodontia,Tarsipedidae,4.472756303090089,0.9542425094393249,density
Tarsius_bancanus,Primates,Tarsiidae,1.7940695839816325,1.9745116927373283,density
Tarsius_dentatus,Primates,Tarsiidae,2.110589710299249,2.0293837776852097,density
Acomys_cahirinus,Rodentia,Muridae,3.374055120826243,1.7201593034059568,density
Acomys_russatus,Rodentia,Muridae,3.5424606655602604,1.6972293427597176,density
Acomys_spinosissimus,Rodentia,Muridae,2.3097791644804797,1.423245873936808,density
Acomys_subspinosus,Rodentia,Muridae,3.5494790077352834,1.3222192947339193,density
Acrobates_pygmaeus,Diprotodontia,Acrobatidae,2.954237683918273,1.0791812460476249,density
Sundasciurus_hippurus,Rodentia,Sciuridae,2.248341156669196,2.6088468223264116,density
Sundasciurus_tenuis,Rodentia,Sciuridae,2.1514311436611395,1.8680563618230415,density
Sus_scrofa,Cetartiodactyla,Suidae,0.5490032620257879,5.004545343174781,density
Sylvicapra_grimmia,Cetartiodactyla,Bovidae,0.38381536598043126,4.290030157037297,density
Sylvilagus_aquaticus,Lagomorpha,Leporidae,1.9161379831071752,3.32956058217531,density
Sylvilagus_audubonii,Lagomorpha,Leporidae,2.462397997898956,2.949194774237982,density
Sylvilagus_bachmani,Lagomorpha,Leporidae,2.754348335711019,2.808413551400368,density
Sylvilagus_brasiliensis,Lagomorpha,Leporidae,0.5490032620257879,2.9777236052888476,density
Sylvilagus_floridanus,Lagomorpha,Leporidae,2.8330386841908126,3.0692239572970528,density
Sylvilagus_nuttallii,Lagomorpha,Leporidae,1.9357591037453117,2.878004470268025,density
Sylvisorex_granti,Eulipotyphla,Soricidae,2.607229775080599,0.6020599913279624,density
Sylvisorex_lunaris,Eulipotyphla,Soricidae,2.924584219156628,1.2671717284030137,density
Symphalangus_syndactylus,Primates,Hylobatidae,0.69810054562339,4,density
Synaptomys_cooperi,Rodentia,Cricetidae,3.0587903145512603,1.503790683057181,density
Syncerus_caffer,Cetartiodactyla,Bovidae,0.7664128471123994,5.763430015273923,density
Tachyoryctes_macrocephalus,Rodentia,Spalacidae,3.799339860096714,2.775974331129369,density
Tachyoryctes_splendens,Rodentia,Spalacidae,3.5296125555521236,2.263636068588108,density
Talpa_caeca,Eulipotyphla,Talpidae,3.6989691357461862,1.9661417327390327,density
Talpa_europaea,Eulipotyphla,Talpidae,2.9664374218115843,1.8864907251724818,density
Talpa_romana,Eulipotyphla,Talpidae,3.0633521266742263,1.9661417327390327,density
Talpa_stankovici,Eulipotyphla,Talpidae,3.6989691357461862,1.8573324964312685,density
Tamandua_mexicana,Pilosa,Myrmecophagidae,0.6848453616444125,3.6242820958356683,density
Tamandua_tetradactyla,Pilosa,Myrmecophagidae,0.725094521081469,3.7415533914914327,density
Neotamias_amoenus,Rodentia,Sciuridae,2.184151775723396,1.7032913781186614,density
Neotamias_cinereicollis,Rodentia,Sciuridae,2.6989613183595207,1.7902851640332418,density
Neotamias_minimus,Rodentia,Sciuridae,2.3461768734215704,2.131297796597623,density
Neotamias_quadrimaculatus,Rodentia,Sciuridae,1.7160033436347992,1.9304395947667001,density
Neotamias_speciosus,Rodentia,Sciuridae,1.8835478792680438,1.792391689498254,density
Neotamias_townsendii,Rodentia,Sciuridae,2.4149733479708178,1.8739015978644613,density
Neotamias_umbrinus,Rodentia,Sciuridae,2.4043375853109272,1.7993405494535817,density
Tamiasciurus_douglasii,Rodentia,Sciuridae,1.646207612206685,2.3521825181113627,density
Tamiasciurus_hudsonicus,Rodentia,Sciuridae,2.2414219517119953,2.30362797638389,density
Tapirus_bairdii,Perissodactyla,Tapiridae,-0.46852108295774486,5.477119951834262,density
Tapirus_indicus,Perissodactyla,Tapiridae,-0.958607314841775,5.471658359018161,density
Abrocoma_bennettii,Rodentia,Abrocomidae,2.157909866226345,2.3979400086720375,density
Abrothrix_longipilis,Rodentia,Cricetidae,3.4436071565845157,1.575187844927661,density
Abrothrix_olivaceus,Rodentia,Cricetidae,3.5067498459490474,1.4313637641589874,density
Acinonyx_jubatus,Carnivora,Felidae,-2,4.669316880566112,density
Akodon_azarae,Rodentia,Cricetidae,3.8853414275142746,1.3979400086720377,density
Akodon_cursor,Rodentia,Cricetidae,2.646286068440645,1.6009728956867482,density
Alcelaphus_buselaphus,Cetartiodactyla,Bovidae,0.5622928644564748,5.232999919976163,density
Alces_alces,Cetartiodactyla,Cervidae,-0.3979400086720376,5.552665783083071,density
Alouatta_belzebul,Primates,Atelidae,1.2304489213782739,3.806179973983887,density
Alouatta_caraya,Primates,Atelidae,1.9030899869919435,3.7680828557231396,density
Alouatta_guariba,Primates,Atelidae,1.9498289589353137,3.747349650382109,density
Alouatta_palliata,Primates,Atelidae,1.7707783961691477,3.861832997657945,density
Alouatta_pigra,Primates,Atelidae,0.930949031167523,3.845098040014257,density
Alouatta_seniculus,Primates,Atelidae,1.6482624057480444,3.7885572230088234,density
Amblysomus_hottentotus,Afrosoricida,Chrysochloridae,3,1.720985744153739,density
Ammodorcas_clarkei,Cetartiodactyla,Bovidae,-0.1366771398795441,4.4479297690072945,density
Ammospermophilus_harrisii,Rodentia,Sciuridae,1.3974185423513477,2.0863598306747484,density
Ammospermophilus_leucurus,Rodentia,Sciuridae,1.1610683854711745,2.080987046910887,density
Anomalurus_derbianus,Rodentia,Anomaluridae,1.7026889681591335,2.8129133566428557,density
Anomalurus_pusillus,Rodentia,Anomaluridae,0.7937903846908186,2.3979400086720375,density
Anourosorex_squamipes,Eulipotyphla,Soricidae,2.278753600952829,1.3010299956639813,density
Antechinus_agilis,Dasyuromorphia,Dasyuridae,2.851869600729766,1.380211241711606,density
Antechinus_bellus,Dasyuromorphia,Dasyuridae,2.2041199826559246,1.6483600109809315,density
Antechinus_flavipes,Dasyuromorphia,Dasyuridae,2.838112053298584,1.6532125137753437,density
Antechinus_godmani,Dasyuromorphia,Dasyuridae,0.724275869600789,1.8836614351536176,density
Antechinus_leo,Dasyuromorphia,Dasyuridae,2.2095150145426308,1.8692317197309762,density
Antechinus_minimus,Dasyuromorphia,Dasyuridae,3.146128035678238,1.7283537820212285,density
Antechinus_stuartii,Dasyuromorphia,Dasyuridae,2.5169053911252566,1.4393326938302626,density
Antechinus_swainsonii,Dasyuromorphia,Dasyuridae,2.988777386842966,1.724275869600789,density
Antidorcas_marsupialis,Cetartiodactyla,Bovidae,1.028977705208778,4.498310553789601,density
Antilocapra_americana,Cetartiodactyla,Antilocapridae,-0.08618614761628333,4.6635398014561265,density
Antilope_cervicapra,Cetartiodactyla,Bovidae,0.6283889300503115,4.574031267727719,density
Aonyx_capensis,Carnivora,Mustelidae,-0.4559319556497244,4.278749029407906,density
Aotus_azarae,Primates,Aotidae,1.2024883170600935,2.9836262871245345,density
Aotus_lemurinus,Primates,Aotidae,1.5493711523331772,2.9410142437055695,density
Aotus_nancymaae,Primates,Aotidae,1.4496326504700745,2.8965262174895554,density
Aotus_nigriceps,Primates,Aotidae,1.5797835966168101,3.0253058652647704,density
Aotus_trivirgatus,Primates,Aotidae,1.3868555291847244,2.9542425094393248,density
Aotus_vociferans,Primates,Aotidae,1.3712526291249394,2.9410142437055695,density
Aplodontia_rufa,Rodentia,Aplodontiidae,2.891197247901719,3.0017337128090005,density
Apodemus_agrarius,Rodentia,Muridae,3.0407407543649465,1.3673559210260189,density
Apodemus_flavicollis,Rodentia,Muridae,3.247973266361807,1.591064607026499,density
Apodemus_sylvaticus,Rodentia,Muridae,2.8920946026904804,1.4842998393467859,density
Apomys_musculus,Rodentia,Muridae,3.0510868907667086,1.3263358609287514,density
Archboldomys_luzonensis,Rodentia,Muridae,2.759811326987881,1.5490032620257879,density
Arctocebus_calabarensis,Primates,Lorisidae,0.7923916894982539,2.322219294733919,density
Arvicanthis_abyssinicus,Rodentia,Muridae,4.040743917603625,1.887054378050957,density
Arvicanthis_niloticus,Rodentia,Muridae,3.863888858736826,2.028977705208778,density
Arvicola_amphibius,Rodentia,Cricetidae,4.756391511050364,2.3521825181113627,density
Tarsius_tarsier,Primates,Tarsiidae,2.3010299956639813,2.3010299956639813,density
Taterillus_gracilis,Rodentia,Muridae,2.6699487980133614,1.6812412373755872,density
Taterillus_pygargus,Rodentia,Muridae,3.4771212547196626,1.7795964912578246,density
Tragelaphus_derbianus,Cetartiodactyla,Bovidae,-0.13076828026902382,5.832508912706237,density
Tragelaphus_oryx,Cetartiodactyla,Bovidae,0.21484384804769785,5.755869979356196,density
Taxidea_taxus,Carnivora,Mustelidae,0.287801729930226,3.8517229786885685,density
Tayassu_pecari,Cetartiodactyla,Tayassuidae,0.2013971243204515,4.508310159603391,density
Thallomys_paedulcus,Rodentia,Muridae,1.5314789170422551,1.9057958803678685,density
Theropithecus_gelada,Primates,Cercopithecidae,1.7111320723068417,4.2317192889352135,density
Thomomys_bottae,Rodentia,Geomyidae,3.720159303405957,2.0595634179012676,density
Thomomys_mazama,Rodentia,Geomyidae,3.5537422827235137,1.8750612633917,density
Thomomys_monticola,Rodentia,Geomyidae,3.449324093098727,1.9030899869919435,density
Thomomys_talpoides,Rodentia,Geomyidae,3.3417727270558015,2.1142772965615864,density
Thylamys_elegans,Didelphimorphia,Didelphidae,2.846961502706781,1.4608978427565478,density
Thylamys_velutinus,Didelphimorphia,Didelphidae,1.7402837196818792,1.3159703454569178,density
Thylogale_billardierii,Diprotodontia,Macropodidae,2.3979400086720375,3.7363965022766426,density
Thylogale_stigmatica,Diprotodontia,Macropodidae,2.4964868292921505,3.662757831681574,density
Thylogale_thetis,Diprotodontia,Macropodidae,2.5562904368641237,3.7323937598229686,density
Tlacuatzin_canescens,Didelphimorphia,Didelphidae,2.4844564419054294,1.7781512503836436,density
Tolypeutes_matacus,Cingulata,CingulataFam,0.8450980400142568,3.0791812460476247,density
Trachypithecus_auratus,Primates,Cercopithecidae,1.6231458746379397,3.8512583487190755,density
Trachypithecus_cristatus,Primates,Cercopithecidae,1.5638369186645449,3.720159303405957,density
Trachypithecus_geei,Primates,Cercopithecidae,0.414973347970818,3.921686475483602,density
Trachypithecus_johnii,Primates,Cercopithecidae,1.8512583487190752,4.076312687976857,density
Trachypithecus_obscurus,Primates,Cercopithecidae,1.7558748556724915,3.845098040014257,density
Trachypithecus_phayrei,Primates,Cercopithecidae,-0.2218487496163564,3.9242792860618816,density
Trachypithecus_pileatus,Primates,Cercopithecidae,1.911104317804036,4.058805486675907,density
Trachypithecus_vetulus,Primates,Cercopithecidae,2.1603184379840017,3.9459607035775686,density
Tragelaphus_angasii,Cetartiodactyla,Bovidae,2.1035984939779375,4.937519897991845,density
Tragelaphus_buxtoni,Cetartiodactyla,Bovidae,1.9057958803678685,5.332440075892066,density
Tragelaphus_eurycerus,Cetartiodactyla,Bovidae,-0.3979400086720376,5.517199990067151,density
Tragelaphus_imberbis,Cetartiodactyla,Bovidae,-0.4559319556497244,4.911559744385447,density
Trinomys_iheringi,Rodentia,Echimyidae,2.559643336466725,2.3085644135612386,density
Tupaia_glis,Scandentia,Tupaiidae,2.6088468223264116,2.229937685907934,density
Panthera_uncia,Carnivora,Felidae,-1.154901959985743,4.645097901234998,density
Uranomys_ruddi,Rodentia,Muridae,2.2777237887624535,1.606381365110605,density
Urocyon_cinereoargenteus,Carnivora,Canidae,0.3820170425748684,3.583618124858635,density
Urocyon_littoralis,Carnivora,Canidae,0.8450980400142568,3.2778383330020473,density
Urotrichus_talpoides,Eulipotyphla,Talpidae,3.6989691357461862,1.6532125137753437,density
Ursus_americanus,Carnivora,Ursidae,-0.14266750356873156,4.999780191375884,density
Ursus_arctos,Carnivora,Ursidae,-1.6989700043360187,5.256526287165858,density
Varecia_variegata,Primates,Lemuridae,1.444513206334043,3.525044807036845,density
Vicugna_vicugna,Cetartiodactyla,Camelidae,0.4913616938342727,4.676689952392778,density
Vombatus_ursinus,Diprotodontia,Vombatidae,1.4136349971985558,4.414973347970818,density
Vulpes_cana,Carnivora,Canidae,0.09691001300805642,2.971693238949861,density
Vulpes_lagopus,Carnivora,Canidae,-1,3.6873238044883125,density
Vulpes_macrotis,Carnivora,Canidae,-0.721246399047171,3.311753861055754,density
Vulpes_pallida,Carnivora,Canidae,0.7860412102425542,3.4471580313422194,density
Vulpes_velox,Carnivora,Canidae,-0.38721614328026455,3.3419288837458097,density
Vulpes_vulpes,Carnivora,Canidae,0.04139268515822508,3.7257646656888768,density
Wallabia_bicolor,Diprotodontia,Macropodidae,1.505149978319906,4.176091259055681,density
Wyulda_squamicaudata,Diprotodontia,Phalangeridae,2.537819095073274,3.224014811372864,density
Xerus_rutilus,Rodentia,Sciuridae,2.90205186916954,2.5017437296279943,density
Zaglossus_bruijnii,Monotremata,Tachyglossidae,0.2041199826559248,3.8920946026904804,density
Zapus_hudsonius,Rodentia,Dipodidae,2.94546858513182,1.2329961103921538,density
Zapus_princeps,Rodentia,Dipodidae,2.4658288153574364,1.462397997898956,density
Zelotomys_hildegardeae,Rodentia,Muridae,1.7861122837198264,1.7781512503836436,density
Zygodontomys_brevicauda,Rodentia,Cricetidae,3.0125377534365607,1.717670503002262,density
Zyzomys_argurus,Rodentia,Muridae,2.72876758516651,1.5563025007672873,density
